sample_id,energy_mev,voxels,criterion,interp_fraction,max_gamma,rung,backend,device,dtype,path,pass_rate_pct,seconds_best,seconds_mean,repeats
080281e0-850c-4030-a1eb-da148c77a9cf,156.6183578968048,144000,1%/1mm/10%,10,2.0,1,pymedphys,cpu,,array,99.50508174988953,0.36272625997662544,0.3722862962943812,3
13b54e4f-f8f8-4b93-84c5-61ac5a170582,177.97147750854492,144000,1%/1mm/10%,10,2.0,1,pymedphys,cpu,,array,96.59897476340694,0.7718993930611759,0.7968366586913666,3
15e69e83-9763-4e3d-b98f-0112f9d8a0ff,135.43013453483582,144000,1%/1mm/10%,10,2.0,1,pymedphys,cpu,,array,93.2438059546117,1.4138554689707235,1.452380972332321,3
2863720e-f0d2-4679-a463-e8942091b113,161.7336881160736,144000,1%/1mm/10%,10,2.0,1,pymedphys,cpu,,array,97.72016092981673,0.6106004079338163,0.6421034769931188,3
2a0b77ce-1f12-4a2b-8712-ddb79a9e5746,142.26308584213257,144000,1%/1mm/10%,10,2.0,1,pymedphys,cpu,,array,92.38292486480267,1.2872332719853148,1.3426484329781185,3
31b5555a-ff42-4060-8504-97805fe9dbca,120.86735486984253,144000,1%/1mm/10%,10,2.0,1,pymedphys,cpu,,array,96.7074682367524,0.7371562049956992,0.7489711916617429,3
38cf13ac-fc55-4e7a-82a9-76d9e278380e,137.6460564136505,144000,1%/1mm/10%,10,2.0,1,pymedphys,cpu,,array,96.11650485436894,0.6513009159825742,0.6608512453191603,3
3de01567-4d63-4d60-be0f-717162ef3a2e,160.04783034324646,144000,1%/1mm/10%,10,2.0,1,pymedphys,cpu,,array,95.7158836689038,0.6625569219468161,0.6663289886588851,3
4ee9e379-9cfe-42bd-9e27-7bb3325fdaf5,166.2262988090515,144000,1%/1mm/10%,10,2.0,1,pymedphys,cpu,,array,97.37783075089392,0.34935474896337837,0.3619877256763478,3
510113c3-76bd-4bc9-9089-71e2c1bb2036,79.81263816356659,144000,1%/1mm/10%,10,2.0,1,pymedphys,cpu,,array,98.34827748938179,0.14540156500879675,0.15001276465288052,3
6893e011-a87f-45fe-ae10-516bc74a5257,146.84538960456848,144000,1%/1mm/10%,10,2.0,1,pymedphys,cpu,,array,96.55383672844233,0.4398004029644653,0.5358717299920196,3
695cf12e-95f8-4d8a-afdd-02ea04ada6e2,142.38298654556274,144000,1%/1mm/10%,10,2.0,1,pymedphys,cpu,,array,85.13889994428082,4.219189589028247,4.30060564299735,3
72fd486f-084e-4000-8d19-355604cf687f,158.20101022720337,144000,1%/1mm/10%,10,2.0,1,pymedphys,cpu,,array,98.08398689566167,0.46424724196549505,0.4862371406440313,3
74af10f2-83d9-4fbd-b848-5ac41694f3fd,173.58777046203613,144000,1%/1mm/10%,10,2.0,1,pymedphys,cpu,,array,97.32851260419805,0.5520621460163966,0.5666405396768823,3
7a78633c-2ba5-4fee-b606-628fa3f3fa30,80.71996614336967,144000,1%/1mm/10%,10,2.0,1,pymedphys,cpu,,array,97.11236660389203,0.21711612190119922,0.2294242976931855,3
836e6824-cf0d-4dff-8cbc-a17f7f47ae2a,99.21854853630066,144000,1%/1mm/10%,10,2.0,1,pymedphys,cpu,,array,98.93139559734986,0.18353641999419779,0.18906263867393136,3
883a1941-a022-4bd0-aa7e-bc053cb60856,153.4105908870697,144000,1%/1mm/10%,10,2.0,1,pymedphys,cpu,,array,90.6818448538904,1.518104917020537,1.5327689377202962,3
9247005d-f858-45db-874d-bdb91ec05f6e,116.248260140419,144000,1%/1mm/10%,10,2.0,1,pymedphys,cpu,,array,90.45352042094713,0.7383144079940394,0.7789464653469622,3
acad417b-c3e8-464b-9cf2-f9d9b831095b,144.26342368125916,144000,1%/1mm/10%,10,2.0,1,pymedphys,cpu,,array,84.11927877947295,3.1511965750250965,3.158785897345903,3
ae66f60e-ad24-4a8c-b34d-ab554da98962,148.0334234237671,144000,1%/1mm/10%,10,2.0,1,pymedphys,cpu,,array,81.93936933279198,6.225598782999441,6.3783918373519555,3
bb89c4a7-8088-46df-bc8f-e5e97bdb002b,153.72092843055725,144000,1%/1mm/10%,10,2.0,1,pymedphys,cpu,,array,72.02804746494067,6.194945928058587,6.284170650644228,3
bca0a1d8-902b-43e3-9330-00667f14172f,118.96189868450165,144000,1%/1mm/10%,10,2.0,1,pymedphys,cpu,,array,96.3992707383774,0.28820242907386273,0.2960604490169014,3
bce1cef6-54fc-43b5-9380-4dfecc596a02,145.6991982460022,144000,1%/1mm/10%,10,2.0,1,pymedphys,cpu,,array,97.98264868819902,0.48108919302467257,0.4888798469910398,3
bd667134-6718-48ea-ad29-8f00b2463949,116.248260140419,144000,1%/1mm/10%,10,2.0,1,pymedphys,cpu,,array,91.41574220813523,0.5335155170178041,0.6089339889974023,3
c2c6b732-5882-4091-a6df-6ffffc7ea5a5,93.33474904298782,144000,1%/1mm/10%,10,2.0,1,pymedphys,cpu,,array,87.97016601170904,3.024347782949917,3.0371101066314927,3
e040513b-d5bd-4c76-8b52-151dc0e23362,113.97911131381989,144000,1%/1mm/10%,10,2.0,1,pymedphys,cpu,,array,84.68061051441492,3.8124867760343477,3.835021458022917,3
e880a943-c2d7-456b-8701-0f5b0cec81e5,120.99025964736938,144000,1%/1mm/10%,10,2.0,1,pymedphys,cpu,,array,87.25215910473179,2.153944046003744,2.1916886060110605,3
f56ab9b1-d9a1-4f5f-9a63-a39f37a25eea,92.88086861371994,144000,1%/1mm/10%,10,2.0,1,pymedphys,cpu,,array,91.54200230149597,0.4852417600341141,0.5064360239775851,3
f5a98603-643e-4eb5-b1b2-82506d507d92,127.92829990386963,144000,1%/1mm/10%,10,2.0,1,pymedphys,cpu,,array,92.2438822065533,0.642485485994257,0.6518298529942209,3
f66617bb-c240-4004-b316-ed986e759e9d,99.09188866615295,144000,1%/1mm/10%,10,2.0,1,pymedphys,cpu,,array,98.21997874601487,0.18034055700991303,0.20404702463808158,3
f6bab911-32d5-4edc-974e-b9c25e415588,91.70978635549545,144000,1%/1mm/10%,10,2.0,1,pymedphys,cpu,,array,97.74220032840722,0.156814195914194,0.1625770196551457,3
ffe59e68-ac3e-47f4-a592-8ed831d25460,98.0342847108841,144000,1%/1mm/10%,10,2.0,1,pymedphys,cpu,,array,85.53573753417524,2.35981248493772,2.397058961020472,3
080281e0-850c-4030-a1eb-da148c77a9cf,156.6183578968048,144000,1%/1mm/10%,10,2.0,1,pymedphys,cpu,,tensor,99.50508174988953,0.2390731730265543,0.2519120353584488,3
13b54e4f-f8f8-4b93-84c5-61ac5a170582,177.97147750854492,144000,1%/1mm/10%,10,2.0,1,pymedphys,cpu,,tensor,96.59897476340694,0.6258148041088134,0.6610774477012455,3
15e69e83-9763-4e3d-b98f-0112f9d8a0ff,135.43013453483582,144000,1%/1mm/10%,10,2.0,1,pymedphys,cpu,,tensor,93.2438059546117,1.3829428249737248,1.4128950296823557,3
2863720e-f0d2-4679-a463-e8942091b113,161.7336881160736,144000,1%/1mm/10%,10,2.0,1,pymedphys,cpu,,tensor,97.72016092981673,0.6785904549760744,0.6955361200186113,3
2a0b77ce-1f12-4a2b-8712-ddb79a9e5746,142.26308584213257,144000,1%/1mm/10%,10,2.0,1,pymedphys,cpu,,tensor,92.38292486480267,1.2929538259049878,1.3070356619621937,3
31b5555a-ff42-4060-8504-97805fe9dbca,120.86735486984253,144000,1%/1mm/10%,10,2.0,1,pymedphys,cpu,,tensor,96.7074682367524,0.736859341035597,0.7582391913359364,3
38cf13ac-fc55-4e7a-82a9-76d9e278380e,137.6460564136505,144000,1%/1mm/10%,10,2.0,1,pymedphys,cpu,,tensor,96.11650485436894,0.6884290319867432,0.7251330686267465,3
3de01567-4d63-4d60-be0f-717162ef3a2e,160.04783034324646,144000,1%/1mm/10%,10,2.0,1,pymedphys,cpu,,tensor,95.7158836689038,0.7496771320002154,0.8210098836570978,3
4ee9e379-9cfe-42bd-9e27-7bb3325fdaf5,166.2262988090515,144000,1%/1mm/10%,10,2.0,1,pymedphys,cpu,,tensor,97.37783075089392,0.343459980096668,0.3741484346489112,3
510113c3-76bd-4bc9-9089-71e2c1bb2036,79.81263816356659,144000,1%/1mm/10%,10,2.0,1,pymedphys,cpu,,tensor,98.34827748938179,0.13348913902882487,0.13908269935442755,3
6893e011-a87f-45fe-ae10-516bc74a5257,146.84538960456848,144000,1%/1mm/10%,10,2.0,1,pymedphys,cpu,,tensor,96.55383672844233,0.43584263196680695,0.45023709861561656,3
695cf12e-95f8-4d8a-afdd-02ea04ada6e2,142.38298654556274,144000,1%/1mm/10%,10,2.0,1,pymedphys,cpu,,tensor,85.13889994428082,4.02475882100407,4.090076424996369,3
72fd486f-084e-4000-8d19-355604cf687f,158.20101022720337,144000,1%/1mm/10%,10,2.0,1,pymedphys,cpu,,tensor,98.08398689566167,0.43095394503325224,0.441811798644873,3
74af10f2-83d9-4fbd-b848-5ac41694f3fd,173.58777046203613,144000,1%/1mm/10%,10,2.0,1,pymedphys,cpu,,tensor,97.32851260419805,0.5341545699629933,0.5820439259599274,3
7a78633c-2ba5-4fee-b606-628fa3f3fa30,80.71996614336967,144000,1%/1mm/10%,10,2.0,1,pymedphys,cpu,,tensor,97.11236660389203,0.22344564995728433,0.26552706797762465,3
836e6824-cf0d-4dff-8cbc-a17f7f47ae2a,99.21854853630066,144000,1%/1mm/10%,10,2.0,1,pymedphys,cpu,,tensor,98.93139559734986,0.2011223080335185,0.20713542168959975,3
883a1941-a022-4bd0-aa7e-bc053cb60856,153.4105908870697,144000,1%/1mm/10%,10,2.0,1,pymedphys,cpu,,tensor,90.6818448538904,1.4308494830038399,1.4517843826518704,3
9247005d-f858-45db-874d-bdb91ec05f6e,116.248260140419,144000,1%/1mm/10%,10,2.0,1,pymedphys,cpu,,tensor,90.45352042094713,0.7387152839219198,0.7645156243427967,3
acad417b-c3e8-464b-9cf2-f9d9b831095b,144.26342368125916,144000,1%/1mm/10%,10,2.0,1,pymedphys,cpu,,tensor,84.11927877947295,3.0965821540448815,3.171430377289653,3
ae66f60e-ad24-4a8c-b34d-ab554da98962,148.0334234237671,144000,1%/1mm/10%,10,2.0,1,pymedphys,cpu,,tensor,81.93936933279198,6.2377119939774275,6.380570265348069,3
bb89c4a7-8088-46df-bc8f-e5e97bdb002b,153.72092843055725,144000,1%/1mm/10%,10,2.0,1,pymedphys,cpu,,tensor,72.02804746494067,6.261843911954202,6.2821572963148355,3
bca0a1d8-902b-43e3-9330-00667f14172f,118.96189868450165,144000,1%/1mm/10%,10,2.0,1,pymedphys,cpu,,tensor,96.3992707383774,0.2935299569508061,0.30248243066792685,3
bce1cef6-54fc-43b5-9380-4dfecc596a02,145.6991982460022,144000,1%/1mm/10%,10,2.0,1,pymedphys,cpu,,tensor,97.98264868819902,0.49444613500963897,0.5058204447074482,3
bd667134-6718-48ea-ad29-8f00b2463949,116.248260140419,144000,1%/1mm/10%,10,2.0,1,pymedphys,cpu,,tensor,91.41574220813523,0.6557756880065426,0.6795492816794043,3
c2c6b732-5882-4091-a6df-6ffffc7ea5a5,93.33474904298782,144000,1%/1mm/10%,10,2.0,1,pymedphys,cpu,,tensor,87.97016601170904,2.9924109870335087,3.006084952658663,3
e040513b-d5bd-4c76-8b52-151dc0e23362,113.97911131381989,144000,1%/1mm/10%,10,2.0,1,pymedphys,cpu,,tensor,84.68061051441492,3.8894811819773167,3.9217184566659853,3
e880a943-c2d7-456b-8701-0f5b0cec81e5,120.99025964736938,144000,1%/1mm/10%,10,2.0,1,pymedphys,cpu,,tensor,87.25215910473179,2.271305290982127,2.320110106297458,3
f56ab9b1-d9a1-4f5f-9a63-a39f37a25eea,92.88086861371994,144000,1%/1mm/10%,10,2.0,1,pymedphys,cpu,,tensor,91.54200230149597,0.5348432899918407,0.5465101573305825,3
f5a98603-643e-4eb5-b1b2-82506d507d92,127.92829990386963,144000,1%/1mm/10%,10,2.0,1,pymedphys,cpu,,tensor,92.2438822065533,0.7403894170420244,0.7460856360460942,3
f66617bb-c240-4004-b316-ed986e759e9d,99.09188866615295,144000,1%/1mm/10%,10,2.0,1,pymedphys,cpu,,tensor,98.21997874601487,0.19288082304410636,0.20455152673336366,3
f6bab911-32d5-4edc-974e-b9c25e415588,91.70978635549545,144000,1%/1mm/10%,10,2.0,1,pymedphys,cpu,,tensor,97.74220032840722,0.18875991203822196,0.19682591466698796,3
ffe59e68-ac3e-47f4-a592-8ed831d25460,98.0342847108841,144000,1%/1mm/10%,10,2.0,1,pymedphys,cpu,,tensor,85.53573753417524,2.5510985490400344,2.6260500779608265,3
080281e0-850c-4030-a1eb-da148c77a9cf,156.6183578968048,144000,1%/1mm/10%,10,2.0,3,torch,cuda:1,float64,array,99.50508174988953,0.08954363502562046,0.0964884323378404,3
13b54e4f-f8f8-4b93-84c5-61ac5a170582,177.97147750854492,144000,1%/1mm/10%,10,2.0,3,torch,cuda:1,float64,array,96.59897476340694,0.09697246097493917,0.0984763849992305,3
15e69e83-9763-4e3d-b98f-0112f9d8a0ff,135.43013453483582,144000,1%/1mm/10%,10,2.0,3,torch,cuda:1,float64,array,93.2438059546117,0.10455528309103101,0.11510219568541895,3
2863720e-f0d2-4679-a463-e8942091b113,161.7336881160736,144000,1%/1mm/10%,10,2.0,3,torch,cuda:1,float64,array,97.72016092981673,0.06815092801116407,0.07536915666423738,3
2a0b77ce-1f12-4a2b-8712-ddb79a9e5746,142.26308584213257,144000,1%/1mm/10%,10,2.0,3,torch,cuda:1,float64,array,92.38292486480267,0.10838859202340245,0.11583125203227003,3
31b5555a-ff42-4060-8504-97805fe9dbca,120.86735486984253,144000,1%/1mm/10%,10,2.0,3,torch,cuda:1,float64,array,96.7074682367524,0.09865983796771616,0.09937177466539045,3
38cf13ac-fc55-4e7a-82a9-76d9e278380e,137.6460564136505,144000,1%/1mm/10%,10,2.0,3,torch,cuda:1,float64,array,96.11650485436894,0.0959986699745059,0.0977224843033279,3
3de01567-4d63-4d60-be0f-717162ef3a2e,160.04783034324646,144000,1%/1mm/10%,10,2.0,3,torch,cuda:1,float64,array,95.7158836689038,0.0926059759221971,0.0930983256160592,3
4ee9e379-9cfe-42bd-9e27-7bb3325fdaf5,166.2262988090515,144000,1%/1mm/10%,10,2.0,3,torch,cuda:1,float64,array,97.37783075089392,0.09010410506743938,0.09285726266292234,3
510113c3-76bd-4bc9-9089-71e2c1bb2036,79.81263816356659,144000,1%/1mm/10%,10,2.0,3,torch,cuda:1,float64,array,98.34827748938179,0.08953435102012008,0.09141153504606336,3
6893e011-a87f-45fe-ae10-516bc74a5257,146.84538960456848,144000,1%/1mm/10%,10,2.0,3,torch,cuda:1,float64,array,96.55383672844233,0.09096415992826223,0.091688769015794,3
695cf12e-95f8-4d8a-afdd-02ea04ada6e2,142.38298654556274,144000,1%/1mm/10%,10,2.0,3,torch,cuda:1,float64,array,85.13889994428082,0.2172389409970492,0.21883640702192983,3
72fd486f-084e-4000-8d19-355604cf687f,158.20101022720337,144000,1%/1mm/10%,10,2.0,3,torch,cuda:1,float64,array,98.08398689566167,0.09090963797643781,0.09142878996984412,3
74af10f2-83d9-4fbd-b848-5ac41694f3fd,173.58777046203613,144000,1%/1mm/10%,10,2.0,3,torch,cuda:1,float64,array,97.32851260419805,0.09094941394869238,0.09277633596987774,3
7a78633c-2ba5-4fee-b606-628fa3f3fa30,80.71996614336967,144000,1%/1mm/10%,10,2.0,3,torch,cuda:1,float64,array,97.11236660389203,0.08935698098503053,0.09115324231485526,3
836e6824-cf0d-4dff-8cbc-a17f7f47ae2a,99.21854853630066,144000,1%/1mm/10%,10,2.0,3,torch,cuda:1,float64,array,98.93139559734986,0.08928957604803145,0.09031222333821158,3
883a1941-a022-4bd0-aa7e-bc053cb60856,153.4105908870697,144000,1%/1mm/10%,10,2.0,3,torch,cuda:1,float64,array,90.6818448538904,0.12113528198096901,0.12205757270567119,3
9247005d-f858-45db-874d-bdb91ec05f6e,116.248260140419,144000,1%/1mm/10%,10,2.0,3,torch,cuda:1,float64,array,90.45352042094713,0.09771130897570401,0.09898975631222129,3
acad417b-c3e8-464b-9cf2-f9d9b831095b,144.26342368125916,144000,1%/1mm/10%,10,2.0,3,torch,cuda:1,float64,array,84.11927877947295,0.1848132360028103,0.18850484331293652,3
ae66f60e-ad24-4a8c-b34d-ab554da98962,148.0334234237671,144000,1%/1mm/10%,10,2.0,3,torch,cuda:1,float64,array,81.93936933279198,0.28214611706789583,0.29064615233801305,3
bb89c4a7-8088-46df-bc8f-e5e97bdb002b,153.72092843055725,144000,1%/1mm/10%,10,2.0,3,torch,cuda:1,float64,array,72.02804746494067,0.27413056301884353,0.27740886667743325,3
bca0a1d8-902b-43e3-9330-00667f14172f,118.96189868450165,144000,1%/1mm/10%,10,2.0,3,torch,cuda:1,float64,array,96.3992707383774,0.05906630598474294,0.06700261263176799,3
bce1cef6-54fc-43b5-9380-4dfecc596a02,145.6991982460022,144000,1%/1mm/10%,10,2.0,3,torch,cuda:1,float64,array,97.98264868819902,0.06070689589250833,0.06335565261542797,3
bd667134-6718-48ea-ad29-8f00b2463949,116.248260140419,144000,1%/1mm/10%,10,2.0,3,torch,cuda:1,float64,array,91.41574220813523,0.06318354303948581,0.06624553969595581,3
c2c6b732-5882-4091-a6df-6ffffc7ea5a5,93.33474904298782,144000,1%/1mm/10%,10,2.0,3,torch,cuda:1,float64,array,87.97016601170904,0.16123721201438457,0.1650171393606191,3
e040513b-d5bd-4c76-8b52-151dc0e23362,113.97911131381989,144000,1%/1mm/10%,10,2.0,3,torch,cuda:1,float64,array,84.68061051441492,0.1883770190179348,0.19146396902700266,3
e880a943-c2d7-456b-8701-0f5b0cec81e5,120.99025964736938,144000,1%/1mm/10%,10,2.0,3,torch,cuda:1,float64,array,87.25215910473179,0.12890869507100433,0.13388003571890295,3
f56ab9b1-d9a1-4f5f-9a63-a39f37a25eea,92.88086861371994,144000,1%/1mm/10%,10,2.0,3,torch,cuda:1,float64,array,91.54200230149597,0.060804900946095586,0.06370879500173032,3
f5a98603-643e-4eb5-b1b2-82506d507d92,127.92829990386963,144000,1%/1mm/10%,10,2.0,3,torch,cuda:1,float64,array,92.2438822065533,0.06722985196392983,0.07374230694646637,3
f66617bb-c240-4004-b316-ed986e759e9d,99.09188866615295,144000,1%/1mm/10%,10,2.0,3,torch,cuda:1,float64,array,98.21997874601487,0.056334104971028864,0.059804913316232465,3
f6bab911-32d5-4edc-974e-b9c25e415588,91.70978635549545,144000,1%/1mm/10%,10,2.0,3,torch,cuda:1,float64,array,97.74220032840722,0.0563356940401718,0.06208061135839671,3
ffe59e68-ac3e-47f4-a592-8ed831d25460,98.0342847108841,144000,1%/1mm/10%,10,2.0,3,torch,cuda:1,float64,array,85.53573753417524,0.1376940238988027,0.14053102031660578,3
080281e0-850c-4030-a1eb-da148c77a9cf,156.6183578968048,144000,1%/1mm/10%,10,2.0,3,torch,cuda:1,float64,tensor,99.50508174988953,0.05715734697878361,0.06088687196218719,3
13b54e4f-f8f8-4b93-84c5-61ac5a170582,177.97147750854492,144000,1%/1mm/10%,10,2.0,3,torch,cuda:1,float64,tensor,96.59897476340694,0.06278742093127221,0.06382145294143508,3
15e69e83-9763-4e3d-b98f-0112f9d8a0ff,135.43013453483582,144000,1%/1mm/10%,10,2.0,3,torch,cuda:1,float64,tensor,93.2438059546117,0.09268244705162942,0.09485840005800128,3
2863720e-f0d2-4679-a463-e8942091b113,161.7336881160736,144000,1%/1mm/10%,10,2.0,3,torch,cuda:1,float64,tensor,97.72016092981673,0.07250071899034083,0.08113215700723231,3
2a0b77ce-1f12-4a2b-8712-ddb79a9e5746,142.26308584213257,144000,1%/1mm/10%,10,2.0,3,torch,cuda:1,float64,tensor,92.38292486480267,0.09208303992636502,0.0958393970116352,3
31b5555a-ff42-4060-8504-97805fe9dbca,120.86735486984253,144000,1%/1mm/10%,10,2.0,3,torch,cuda:1,float64,tensor,96.7074682367524,0.06859750405419618,0.07411422937487562,3
38cf13ac-fc55-4e7a-82a9-76d9e278380e,137.6460564136505,144000,1%/1mm/10%,10,2.0,3,torch,cuda:1,float64,tensor,96.11650485436894,0.07048636698164046,0.07512189032665144,3
3de01567-4d63-4d60-be0f-717162ef3a2e,160.04783034324646,144000,1%/1mm/10%,10,2.0,3,torch,cuda:1,float64,tensor,95.7158836689038,0.06722031300887465,0.07193724465711664,3
4ee9e379-9cfe-42bd-9e27-7bb3325fdaf5,166.2262988090515,144000,1%/1mm/10%,10,2.0,3,torch,cuda:1,float64,tensor,97.37783075089392,0.05566627497319132,0.05592970332751671,3
510113c3-76bd-4bc9-9089-71e2c1bb2036,79.81263816356659,144000,1%/1mm/10%,10,2.0,3,torch,cuda:1,float64,tensor,98.34827748938179,0.0553376100724563,0.05961284972727299,3
6893e011-a87f-45fe-ae10-516bc74a5257,146.84538960456848,144000,1%/1mm/10%,10,2.0,3,torch,cuda:1,float64,tensor,96.55383672844233,0.08495100995060056,0.0869467263109982,3
695cf12e-95f8-4d8a-afdd-02ea04ada6e2,142.38298654556274,144000,1%/1mm/10%,10,2.0,3,torch,cuda:1,float64,tensor,85.13889994428082,0.19939999107737094,0.20750783733092248,3
72fd486f-084e-4000-8d19-355604cf687f,158.20101022720337,144000,1%/1mm/10%,10,2.0,3,torch,cuda:1,float64,tensor,98.08398689566167,0.09088729706127197,0.0915619166335091,3
74af10f2-83d9-4fbd-b848-5ac41694f3fd,173.58777046203613,144000,1%/1mm/10%,10,2.0,3,torch,cuda:1,float64,tensor,97.32851260419805,0.08901549805887043,0.08975139469839633,3
7a78633c-2ba5-4fee-b606-628fa3f3fa30,80.71996614336967,144000,1%/1mm/10%,10,2.0,3,torch,cuda:1,float64,tensor,97.11236660389203,0.08750817796681076,0.08808947436045855,3
836e6824-cf0d-4dff-8cbc-a17f7f47ae2a,99.21854853630066,144000,1%/1mm/10%,10,2.0,3,torch,cuda:1,float64,tensor,98.93139559734986,0.08798549196217209,0.08875919862960775,3
883a1941-a022-4bd0-aa7e-bc053cb60856,153.4105908870697,144000,1%/1mm/10%,10,2.0,3,torch,cuda:1,float64,tensor,90.6818448538904,0.12040897295810282,0.12106567027512938,3
9247005d-f858-45db-874d-bdb91ec05f6e,116.248260140419,144000,1%/1mm/10%,10,2.0,3,torch,cuda:1,float64,tensor,90.45352042094713,0.0958564430475235,0.09634324496922393,3
acad417b-c3e8-464b-9cf2-f9d9b831095b,144.26342368125916,144000,1%/1mm/10%,10,2.0,3,torch,cuda:1,float64,tensor,84.11927877947295,0.1810593040427193,0.19089674666368714,3
ae66f60e-ad24-4a8c-b34d-ab554da98962,148.0334234237671,144000,1%/1mm/10%,10,2.0,3,torch,cuda:1,float64,tensor,81.93936933279198,0.28388413100037724,0.29753948499759036,3
bb89c4a7-8088-46df-bc8f-e5e97bdb002b,153.72092843055725,144000,1%/1mm/10%,10,2.0,3,torch,cuda:1,float64,tensor,72.02804746494067,0.2938105530338362,0.29560952668543905,3
bca0a1d8-902b-43e3-9330-00667f14172f,118.96189868450165,144000,1%/1mm/10%,10,2.0,3,torch,cuda:1,float64,tensor,96.3992707383774,0.08979230595286936,0.09031710265359531,3
bce1cef6-54fc-43b5-9380-4dfecc596a02,145.6991982460022,144000,1%/1mm/10%,10,2.0,3,torch,cuda:1,float64,tensor,97.98264868819902,0.09019464196171612,0.09056056065795322,3
bd667134-6718-48ea-ad29-8f00b2463949,116.248260140419,144000,1%/1mm/10%,10,2.0,3,torch,cuda:1,float64,tensor,91.41574220813523,0.08935319201555103,0.08992614030527572,3
c2c6b732-5882-4091-a6df-6ffffc7ea5a5,93.33474904298782,144000,1%/1mm/10%,10,2.0,3,torch,cuda:1,float64,tensor,87.97016601170904,0.1818042539525777,0.18286135067076734,3
e040513b-d5bd-4c76-8b52-151dc0e23362,113.97911131381989,144000,1%/1mm/10%,10,2.0,3,torch,cuda:1,float64,tensor,84.68061051441492,0.2110954080708325,0.2122886893339455,3
e880a943-c2d7-456b-8701-0f5b0cec81e5,120.99025964736938,144000,1%/1mm/10%,10,2.0,3,torch,cuda:1,float64,tensor,87.25215910473179,0.14989204506855458,0.1511020006534333,3
f56ab9b1-d9a1-4f5f-9a63-a39f37a25eea,92.88086861371994,144000,1%/1mm/10%,10,2.0,3,torch,cuda:1,float64,tensor,91.54200230149597,0.08909929206129164,0.08954144335196663,3
f5a98603-643e-4eb5-b1b2-82506d507d92,127.92829990386963,144000,1%/1mm/10%,10,2.0,3,torch,cuda:1,float64,tensor,92.2438822065533,0.0939167879987508,0.09435812135537465,3
f66617bb-c240-4004-b316-ed986e759e9d,99.09188866615295,144000,1%/1mm/10%,10,2.0,3,torch,cuda:1,float64,tensor,98.21997874601487,0.08878603798802942,0.08979391566632937,3
f6bab911-32d5-4edc-974e-b9c25e415588,91.70978635549545,144000,1%/1mm/10%,10,2.0,3,torch,cuda:1,float64,tensor,97.74220032840722,0.057582707959227264,0.06798731132100026,3
ffe59e68-ac3e-47f4-a592-8ed831d25460,98.0342847108841,144000,1%/1mm/10%,10,2.0,3,torch,cuda:1,float64,tensor,85.53573753417524,0.14821249700617045,0.15566546264259765,3
080281e0-850c-4030-a1eb-da148c77a9cf,156.6183578968048,144000,1%/1mm/10%,10,2.0,4,torch,cuda:1,float32,array,99.50508174988953,0.09378227998968214,0.09389654900102566,3
13b54e4f-f8f8-4b93-84c5-61ac5a170582,177.97147750854492,144000,1%/1mm/10%,10,2.0,4,torch,cuda:1,float32,array,96.59897476340694,0.09367605403531343,0.09410402900539339,3
15e69e83-9763-4e3d-b98f-0112f9d8a0ff,135.43013453483582,144000,1%/1mm/10%,10,2.0,4,torch,cuda:1,float32,array,93.26462627524464,0.08183050795923918,0.08983007395484795,3
2863720e-f0d2-4679-a463-e8942091b113,161.7336881160736,144000,1%/1mm/10%,10,2.0,4,torch,cuda:1,float32,array,97.72016092981673,0.07279754604678601,0.0797337656840682,3
2a0b77ce-1f12-4a2b-8712-ddb79a9e5746,142.26308584213257,144000,1%/1mm/10%,10,2.0,4,torch,cuda:1,float32,array,92.39443102059602,0.10114124498795718,0.10127831362963964,3
31b5555a-ff42-4060-8504-97805fe9dbca,120.86735486984253,144000,1%/1mm/10%,10,2.0,4,torch,cuda:1,float32,array,96.72296250387356,0.09423304593656212,0.09537808228439341,3
38cf13ac-fc55-4e7a-82a9-76d9e278380e,137.6460564136505,144000,1%/1mm/10%,10,2.0,4,torch,cuda:1,float32,array,96.14851168249227,0.09379507205449045,0.09402527338049065,3
3de01567-4d63-4d60-be0f-717162ef3a2e,160.04783034324646,144000,1%/1mm/10%,10,2.0,4,torch,cuda:1,float32,array,95.72706935123043,0.09281418099999428,0.09441085532307625,3
4ee9e379-9cfe-42bd-9e27-7bb3325fdaf5,166.2262988090515,144000,1%/1mm/10%,10,2.0,4,torch,cuda:1,float32,array,97.41188489698621,0.0933677590219304,0.09430702496320009,3
510113c3-76bd-4bc9-9089-71e2c1bb2036,79.81263816356659,144000,1%/1mm/10%,10,2.0,4,torch,cuda:1,float32,array,98.39546956111374,0.09236166393384337,0.09303603631754716,3
6893e011-a87f-45fe-ae10-516bc74a5257,146.84538960456848,144000,1%/1mm/10%,10,2.0,4,torch,cuda:1,float32,array,96.58446929085618,0.09144847397692502,0.09222457569558173,3
695cf12e-95f8-4d8a-afdd-02ea04ada6e2,142.38298654556274,144000,1%/1mm/10%,10,2.0,4,torch,cuda:1,float32,array,85.16277959086206,0.16765601094812155,0.16890728733657548,3
72fd486f-084e-4000-8d19-355604cf687f,158.20101022720337,144000,1%/1mm/10%,10,2.0,4,torch,cuda:1,float32,array,98.08398689566167,0.09199191094376147,0.0938569506785522,3
74af10f2-83d9-4fbd-b848-5ac41694f3fd,173.58777046203613,144000,1%/1mm/10%,10,2.0,4,torch,cuda:1,float32,array,97.32851260419805,0.09132214193232358,0.09241360196998964,3
7a78633c-2ba5-4fee-b606-628fa3f3fa30,80.71996614336967,144000,1%/1mm/10%,10,2.0,4,torch,cuda:1,float32,array,97.11236660389203,0.09218954003881663,0.09321103900826226,3
836e6824-cf0d-4dff-8cbc-a17f7f47ae2a,99.21854853630066,144000,1%/1mm/10%,10,2.0,4,torch,cuda:1,float32,array,98.93139559734986,0.09130418498534709,0.09236842801328748,3
883a1941-a022-4bd0-aa7e-bc053cb60856,153.4105908870697,144000,1%/1mm/10%,10,2.0,4,torch,cuda:1,float32,array,90.6935805656613,0.10261509194970131,0.10306839132681489,3
9247005d-f858-45db-874d-bdb91ec05f6e,116.248260140419,144000,1%/1mm/10%,10,2.0,4,torch,cuda:1,float32,array,90.47857679779504,0.09215956402476877,0.09322523868953188,3
acad417b-c3e8-464b-9cf2-f9d9b831095b,144.26342368125916,144000,1%/1mm/10%,10,2.0,4,torch,cuda:1,float32,array,84.14899940558747,0.14682111598085612,0.1472456440096721,3
ae66f60e-ad24-4a8c-b34d-ab554da98962,148.0334234237671,144000,1%/1mm/10%,10,2.0,4,torch,cuda:1,float32,array,81.9529029638652,0.22250676807016134,0.2269149209993581,3
bb89c4a7-8088-46df-bc8f-e5e97bdb002b,153.72092843055725,144000,1%/1mm/10%,10,2.0,4,torch,cuda:1,float32,array,72.04962243797195,0.22474821005016565,0.22578463004902005,3
bca0a1d8-902b-43e3-9330-00667f14172f,118.96189868450165,144000,1%/1mm/10%,10,2.0,4,torch,cuda:1,float32,array,96.3992707383774,0.091381118982099,0.0929449429968372,3
bce1cef6-54fc-43b5-9380-4dfecc596a02,145.6991982460022,144000,1%/1mm/10%,10,2.0,4,torch,cuda:1,float32,array,97.98264868819902,0.09061140206176788,0.092264136687542,3
bd667134-6718-48ea-ad29-8f00b2463949,116.248260140419,144000,1%/1mm/10%,10,2.0,4,torch,cuda:1,float32,array,91.44215530903328,0.09270044101867825,0.09353849132700513,3
c2c6b732-5882-4091-a6df-6ffffc7ea5a5,93.33474904298782,144000,1%/1mm/10%,10,2.0,4,torch,cuda:1,float32,array,87.98620579036009,0.14637796801980585,0.14839118365974477,3
e040513b-d5bd-4c76-8b52-151dc0e23362,113.97911131381989,144000,1%/1mm/10%,10,2.0,4,torch,cuda:1,float32,array,84.68868610191392,0.16407360194716603,0.16540838401609412,3
e880a943-c2d7-456b-8701-0f5b0cec81e5,120.99025964736938,144000,1%/1mm/10%,10,2.0,4,torch,cuda:1,float32,array,87.27648704537161,0.12533126398921013,0.12637172798470905,3
f56ab9b1-d9a1-4f5f-9a63-a39f37a25eea,92.88086861371994,144000,1%/1mm/10%,10,2.0,4,torch,cuda:1,float32,array,91.54200230149597,0.09132854698691517,0.09194171568378806,3
f5a98603-643e-4eb5-b1b2-82506d507d92,127.92829990386963,144000,1%/1mm/10%,10,2.0,4,torch,cuda:1,float32,array,92.2438822065533,0.0933383610099554,0.09424783498980105,3
f66617bb-c240-4004-b316-ed986e759e9d,99.09188866615295,144000,1%/1mm/10%,10,2.0,4,torch,cuda:1,float32,array,98.21997874601487,0.0884732500417158,0.08956248169609655,3
f6bab911-32d5-4edc-974e-b9c25e415588,91.70978635549545,144000,1%/1mm/10%,10,2.0,4,torch,cuda:1,float32,array,97.74220032840722,0.057870589080266654,0.0591501493860657,3
ffe59e68-ac3e-47f4-a592-8ed831d25460,98.0342847108841,144000,1%/1mm/10%,10,2.0,4,torch,cuda:1,float32,array,85.53573753417524,0.11811849707737565,0.1234503813708822,3
080281e0-850c-4030-a1eb-da148c77a9cf,156.6183578968048,144000,1%/1mm/10%,10,2.0,4,torch,cuda:1,float32,tensor,99.50508174988953,0.08842967601958662,0.09002006166459371,3
13b54e4f-f8f8-4b93-84c5-61ac5a170582,177.97147750854492,144000,1%/1mm/10%,10,2.0,4,torch,cuda:1,float32,tensor,96.59897476340694,0.08977734693326056,0.09007653667746733,3
15e69e83-9763-4e3d-b98f-0112f9d8a0ff,135.43013453483582,144000,1%/1mm/10%,10,2.0,4,torch,cuda:1,float32,tensor,93.26462627524464,0.09676106495317072,0.09824327100068331,3
2863720e-f0d2-4679-a463-e8942091b113,161.7336881160736,144000,1%/1mm/10%,10,2.0,4,torch,cuda:1,float32,tensor,97.72016092981673,0.09127657592762262,0.09223945997655392,3
2a0b77ce-1f12-4a2b-8712-ddb79a9e5746,142.26308584213257,144000,1%/1mm/10%,10,2.0,4,torch,cuda:1,float32,tensor,92.39443102059602,0.09789676801301539,0.09816015736820798,3
31b5555a-ff42-4060-8504-97805fe9dbca,120.86735486984253,144000,1%/1mm/10%,10,2.0,4,torch,cuda:1,float32,tensor,96.72296250387356,0.09076678298879415,0.09145933967859794,3
38cf13ac-fc55-4e7a-82a9-76d9e278380e,137.6460564136505,144000,1%/1mm/10%,10,2.0,4,torch,cuda:1,float32,tensor,96.14851168249227,0.09014397393912077,0.09113007000026603,3
3de01567-4d63-4d60-be0f-717162ef3a2e,160.04783034324646,144000,1%/1mm/10%,10,2.0,4,torch,cuda:1,float32,tensor,95.72706935123043,0.058988775010220706,0.07284613834538807,3
4ee9e379-9cfe-42bd-9e27-7bb3325fdaf5,166.2262988090515,144000,1%/1mm/10%,10,2.0,4,torch,cuda:1,float32,tensor,97.41188489698621,0.05795169807970524,0.05795501498505473,3
510113c3-76bd-4bc9-9089-71e2c1bb2036,79.81263816356659,144000,1%/1mm/10%,10,2.0,4,torch,cuda:1,float32,tensor,98.39546956111374,0.05741426709573716,0.06640114503291746,3
6893e011-a87f-45fe-ae10-516bc74a5257,146.84538960456848,144000,1%/1mm/10%,10,2.0,4,torch,cuda:1,float32,tensor,96.58446929085618,0.0584215089911595,0.06676777902369697,3
695cf12e-95f8-4d8a-afdd-02ea04ada6e2,142.38298654556274,144000,1%/1mm/10%,10,2.0,4,torch,cuda:1,float32,tensor,85.16277959086206,0.14362372795585543,0.14562217600177974,3
72fd486f-084e-4000-8d19-355604cf687f,158.20101022720337,144000,1%/1mm/10%,10,2.0,4,torch,cuda:1,float32,tensor,98.08398689566167,0.05837891704868525,0.06678852532058954,3
74af10f2-83d9-4fbd-b848-5ac41694f3fd,173.58777046203613,144000,1%/1mm/10%,10,2.0,4,torch,cuda:1,float32,tensor,97.32851260419805,0.05770697200205177,0.05979714899634322,3
7a78633c-2ba5-4fee-b606-628fa3f3fa30,80.71996614336967,144000,1%/1mm/10%,10,2.0,4,torch,cuda:1,float32,tensor,97.11236660389203,0.0569243140053004,0.060529509326443076,3
836e6824-cf0d-4dff-8cbc-a17f7f47ae2a,99.21854853630066,144000,1%/1mm/10%,10,2.0,4,torch,cuda:1,float32,tensor,98.93139559734986,0.05723937996663153,0.06094621498292933,3
883a1941-a022-4bd0-aa7e-bc053cb60856,153.4105908870697,144000,1%/1mm/10%,10,2.0,4,torch,cuda:1,float32,tensor,90.6935805656613,0.07757341302931309,0.08292696198138098,3
9247005d-f858-45db-874d-bdb91ec05f6e,116.248260140419,144000,1%/1mm/10%,10,2.0,4,torch,cuda:1,float32,tensor,90.47857679779504,0.060547236003912985,0.06437608234894772,3
acad417b-c3e8-464b-9cf2-f9d9b831095b,144.26342368125916,144000,1%/1mm/10%,10,2.0,4,torch,cuda:1,float32,tensor,84.14899940558747,0.12467989593278617,0.12579484295565635,3
ae66f60e-ad24-4a8c-b34d-ab554da98962,148.0334234237671,144000,1%/1mm/10%,10,2.0,4,torch,cuda:1,float32,tensor,81.9529029638652,0.22054417501203716,0.2218839576623092,3
bb89c4a7-8088-46df-bc8f-e5e97bdb002b,153.72092843055725,144000,1%/1mm/10%,10,2.0,4,torch,cuda:1,float32,tensor,72.04962243797195,0.2224479370051995,0.22356904802533487,3
bca0a1d8-902b-43e3-9330-00667f14172f,118.96189868450165,144000,1%/1mm/10%,10,2.0,4,torch,cuda:1,float32,tensor,96.3992707383774,0.0898083409992978,0.09108687801441799,3
bce1cef6-54fc-43b5-9380-4dfecc596a02,145.6991982460022,144000,1%/1mm/10%,10,2.0,4,torch,cuda:1,float32,tensor,97.98264868819902,0.08924986398778856,0.09062456568547834,3
bd667134-6718-48ea-ad29-8f00b2463949,116.248260140419,144000,1%/1mm/10%,10,2.0,4,torch,cuda:1,float32,tensor,91.44215530903328,0.08903506805654615,0.09041573468130082,3
c2c6b732-5882-4091-a6df-6ffffc7ea5a5,93.33474904298782,144000,1%/1mm/10%,10,2.0,4,torch,cuda:1,float32,tensor,87.98620579036009,0.1441820509498939,0.14573354898796728,3
e040513b-d5bd-4c76-8b52-151dc0e23362,113.97911131381989,144000,1%/1mm/10%,10,2.0,4,torch,cuda:1,float32,tensor,84.68868610191392,0.16320309089496732,0.16455638563881317,3
e880a943-c2d7-456b-8701-0f5b0cec81e5,120.99025964736938,144000,1%/1mm/10%,10,2.0,4,torch,cuda:1,float32,tensor,87.27648704537161,0.12261525704525411,0.1229317766847089,3
f56ab9b1-d9a1-4f5f-9a63-a39f37a25eea,92.88086861371994,144000,1%/1mm/10%,10,2.0,4,torch,cuda:1,float32,tensor,91.54200230149597,0.08944480307400227,0.08974893200987329,3
f5a98603-643e-4eb5-b1b2-82506d507d92,127.92829990386963,144000,1%/1mm/10%,10,2.0,4,torch,cuda:1,float32,tensor,92.2438822065533,0.09101335296873003,0.0925121473070855,3
f66617bb-c240-4004-b316-ed986e759e9d,99.09188866615295,144000,1%/1mm/10%,10,2.0,4,torch,cuda:1,float32,tensor,98.21997874601487,0.08867317391559482,0.09040892698491614,3
f6bab911-32d5-4edc-974e-b9c25e415588,91.70978635549545,144000,1%/1mm/10%,10,2.0,4,torch,cuda:1,float32,tensor,97.74220032840722,0.08925149706192315,0.0899586023685212,3
ffe59e68-ac3e-47f4-a592-8ed831d25460,98.0342847108841,144000,1%/1mm/10%,10,2.0,4,torch,cuda:1,float32,tensor,85.53573753417524,0.12760787294246256,0.12857519602403045,3
080281e0-850c-4030-a1eb-da148c77a9cf,156.6183578968048,144000,2%/2mm/10%,10,2.0,1,pymedphys,cpu,,array,99.92045956694653,0.15546993701718748,0.16996495134662837,3
13b54e4f-f8f8-4b93-84c5-61ac5a170582,177.97147750854492,144000,2%/2mm/10%,10,2.0,1,pymedphys,cpu,,array,99.10291798107255,0.31093904795125127,0.3141105843242258,3
15e69e83-9763-4e3d-b98f-0112f9d8a0ff,135.43013453483582,144000,2%/2mm/10%,10,2.0,1,pymedphys,cpu,,array,97.08515511138872,0.6213077829452232,0.6511494253063574,3
2863720e-f0d2-4679-a463-e8942091b113,161.7336881160736,144000,2%/2mm/10%,10,2.0,1,pymedphys,cpu,,array,99.07912382655341,0.23193709691986442,0.26426035293843597,3
2a0b77ce-1f12-4a2b-8712-ddb79a9e5746,142.26308584213257,144000,2%/2mm/10%,10,2.0,1,pymedphys,cpu,,array,97.33057185594292,0.42598869104404,0.4565023136868452,3
31b5555a-ff42-4060-8504-97805fe9dbca,120.86735486984253,144000,2%/2mm/10%,10,2.0,1,pymedphys,cpu,,array,99.7753331267431,0.23621495300903916,0.24274684698320925,3
38cf13ac-fc55-4e7a-82a9-76d9e278380e,137.6460564136505,144000,2%/2mm/10%,10,2.0,1,pymedphys,cpu,,array,99.48789075002668,0.22436767793260515,0.2485868709627539,3
3de01567-4d63-4d60-be0f-717162ef3a2e,160.04783034324646,144000,2%/2mm/10%,10,2.0,1,pymedphys,cpu,,array,98.61297539149888,0.2608476340537891,0.2909967766997094,3
4ee9e379-9cfe-42bd-9e27-7bb3325fdaf5,166.2262988090515,144000,2%/2mm/10%,10,2.0,1,pymedphys,cpu,,array,99.43810658947727,0.132684446987696,0.13739411629891643,3
510113c3-76bd-4bc9-9089-71e2c1bb2036,79.81263816356659,144000,2%/2mm/10%,10,2.0,1,pymedphys,cpu,,array,99.76403964134025,0.08539415802806616,0.08721157667847972,3
6893e011-a87f-45fe-ae10-516bc74a5257,146.84538960456848,144000,2%/2mm/10%,10,2.0,1,pymedphys,cpu,,array,99.37203247051616,0.15783012693282217,0.17198455430722484,3
695cf12e-95f8-4d8a-afdd-02ea04ada6e2,142.38298654556274,144000,2%/2mm/10%,10,2.0,1,pymedphys,cpu,,array,92.94754437634323,1.4726510270265862,1.5620565416368966,3
72fd486f-084e-4000-8d19-355604cf687f,158.20101022720337,144000,2%/2mm/10%,10,2.0,1,pymedphys,cpu,,array,99.06681227042588,0.2349153229733929,0.23770448262803257,3
74af10f2-83d9-4fbd-b848-5ac41694f3fd,173.58777046203613,144000,2%/2mm/10%,10,2.0,1,pymedphys,cpu,,array,99.21663151551672,0.21469460800290108,0.23123985699688396,3
7a78633c-2ba5-4fee-b606-628fa3f3fa30,80.71996614336967,144000,2%/2mm/10%,10,2.0,1,pymedphys,cpu,,array,99.74890144381669,0.10640166199300438,0.13105910931092998,3
836e6824-cf0d-4dff-8cbc-a17f7f47ae2a,99.21854853630066,144000,2%/2mm/10%,10,2.0,1,pymedphys,cpu,,array,99.93588373584099,0.13995483599137515,0.1441173176669205,3
883a1941-a022-4bd0-aa7e-bc053cb60856,153.4105908870697,144000,2%/2mm/10%,10,2.0,1,pymedphys,cpu,,array,98.11055040488206,0.41055269504431635,0.42154844175092876,3
9247005d-f858-45db-874d-bdb91ec05f6e,116.248260140419,144000,2%/2mm/10%,10,2.0,1,pymedphys,cpu,,array,95.1891756452017,0.3008731319569051,0.32026625036572415,3
acad417b-c3e8-464b-9cf2-f9d9b831095b,144.26342368125916,144000,2%/2mm/10%,10,2.0,1,pymedphys,cpu,,array,94.47196354269863,1.1351322960108519,1.178097814670764,3
ae66f60e-ad24-4a8c-b34d-ab554da98962,148.0334234237671,144000,2%/2mm/10%,10,2.0,1,pymedphys,cpu,,array,89.51143591825686,3.3655842889565974,3.404034919338301,3
bb89c4a7-8088-46df-bc8f-e5e97bdb002b,153.72092843055725,144000,2%/2mm/10%,10,2.0,1,pymedphys,cpu,,array,81.0571736785329,3.8504999020369723,3.9687449573539197,3
bca0a1d8-902b-43e3-9330-00667f14172f,118.96189868450165,144000,2%/2mm/10%,10,2.0,1,pymedphys,cpu,,array,99.29352780309935,0.13606277003418654,0.14484940333447108,3
bce1cef6-54fc-43b5-9380-4dfecc596a02,145.6991982460022,144000,2%/2mm/10%,10,2.0,1,pymedphys,cpu,,array,98.95474025295286,0.23564544995315373,0.24171636331205568,3
bd667134-6718-48ea-ad29-8f00b2463949,116.248260140419,144000,2%/2mm/10%,10,2.0,1,pymedphys,cpu,,array,96.75118858954042,0.2393561799544841,0.25291316397488117,3
c2c6b732-5882-4091-a6df-6ffffc7ea5a5,93.33474904298782,144000,2%/2mm/10%,10,2.0,1,pymedphys,cpu,,array,95.60510064961103,1.1414862879319116,1.2033756346208975,3
e040513b-d5bd-4c76-8b52-151dc0e23362,113.97911131381989,144000,2%/2mm/10%,10,2.0,1,pymedphys,cpu,,array,95.0415892756198,1.206767711089924,1.2483961350517347,3
e880a943-c2d7-456b-8701-0f5b0cec81e5,120.99025964736938,144000,2%/2mm/10%,10,2.0,1,pymedphys,cpu,,array,92.94489721445079,1.0736558410571888,1.1393555226968601,3
f56ab9b1-d9a1-4f5f-9a63-a39f37a25eea,92.88086861371994,144000,2%/2mm/10%,10,2.0,1,pymedphys,cpu,,array,97.03682393555812,0.23700721596833318,0.2473632803109164,3
f5a98603-643e-4eb5-b1b2-82506d507d92,127.92829990386963,144000,2%/2mm/10%,10,2.0,1,pymedphys,cpu,,array,97.1381169639154,0.2602014889707789,0.28512667464868474,3
f66617bb-c240-4004-b316-ed986e759e9d,99.09188866615295,144000,2%/2mm/10%,10,2.0,1,pymedphys,cpu,,array,99.94686503719447,0.10125261195935309,0.10839411565878738,3
f6bab911-32d5-4edc-974e-b9c25e415588,91.70978635549545,144000,2%/2mm/10%,10,2.0,1,pymedphys,cpu,,array,99.54844006568145,0.09733360097743571,0.09946717500376205,3
ffe59e68-ac3e-47f4-a592-8ed831d25460,98.0342847108841,144000,2%/2mm/10%,10,2.0,1,pymedphys,cpu,,array,92.9957036844161,0.8385839050170034,0.9188404926486934,3
080281e0-850c-4030-a1eb-da148c77a9cf,156.6183578968048,144000,2%/2mm/10%,10,2.0,1,pymedphys,cpu,,tensor,99.92045956694653,0.15732076193671674,0.16698823764454573,3
13b54e4f-f8f8-4b93-84c5-61ac5a170582,177.97147750854492,144000,2%/2mm/10%,10,2.0,1,pymedphys,cpu,,tensor,99.10291798107255,0.2996723710093647,0.3125208589869241,3
15e69e83-9763-4e3d-b98f-0112f9d8a0ff,135.43013453483582,144000,2%/2mm/10%,10,2.0,1,pymedphys,cpu,,tensor,97.08515511138872,0.5810711580561474,0.5982252166528875,3
2863720e-f0d2-4679-a463-e8942091b113,161.7336881160736,144000,2%/2mm/10%,10,2.0,1,pymedphys,cpu,,tensor,99.07912382655341,0.23786721203941852,0.2512911466959243,3
2a0b77ce-1f12-4a2b-8712-ddb79a9e5746,142.26308584213257,144000,2%/2mm/10%,10,2.0,1,pymedphys,cpu,,tensor,97.33057185594292,0.4193558049155399,0.42928438195182633,3
31b5555a-ff42-4060-8504-97805fe9dbca,120.86735486984253,144000,2%/2mm/10%,10,2.0,1,pymedphys,cpu,,tensor,99.7753331267431,0.25069799402263016,0.25801969137197983,3
38cf13ac-fc55-4e7a-82a9-76d9e278380e,137.6460564136505,144000,2%/2mm/10%,10,2.0,1,pymedphys,cpu,,tensor,99.48789075002668,0.21370018599554896,0.25947957765311,3
3de01567-4d63-4d60-be0f-717162ef3a2e,160.04783034324646,144000,2%/2mm/10%,10,2.0,1,pymedphys,cpu,,tensor,98.61297539149888,0.25181474396958947,0.2761149953197067,3
4ee9e379-9cfe-42bd-9e27-7bb3325fdaf5,166.2262988090515,144000,2%/2mm/10%,10,2.0,1,pymedphys,cpu,,tensor,99.43810658947727,0.13375910592731088,0.15037545565670976,3
510113c3-76bd-4bc9-9089-71e2c1bb2036,79.81263816356659,144000,2%/2mm/10%,10,2.0,1,pymedphys,cpu,,tensor,99.76403964134025,0.10125002497807145,0.11211272131185979,3
6893e011-a87f-45fe-ae10-516bc74a5257,146.84538960456848,144000,2%/2mm/10%,10,2.0,1,pymedphys,cpu,,tensor,99.37203247051616,0.17610629403498024,0.1820784043520689,3
695cf12e-95f8-4d8a-afdd-02ea04ada6e2,142.38298654556274,144000,2%/2mm/10%,10,2.0,1,pymedphys,cpu,,tensor,92.94754437634323,1.4593414339469746,1.4996137210012723,3
72fd486f-084e-4000-8d19-355604cf687f,158.20101022720337,144000,2%/2mm/10%,10,2.0,1,pymedphys,cpu,,tensor,99.06681227042588,0.2571851289831102,0.2658593199836711,3
74af10f2-83d9-4fbd-b848-5ac41694f3fd,173.58777046203613,144000,2%/2mm/10%,10,2.0,1,pymedphys,cpu,,tensor,99.21663151551672,0.23394176200963557,0.2579201056699579,3
7a78633c-2ba5-4fee-b606-628fa3f3fa30,80.71996614336967,144000,2%/2mm/10%,10,2.0,1,pymedphys,cpu,,tensor,99.74890144381669,0.10465356591157615,0.11423712262573342,3
836e6824-cf0d-4dff-8cbc-a17f7f47ae2a,99.21854853630066,144000,2%/2mm/10%,10,2.0,1,pymedphys,cpu,,tensor,99.93588373584099,0.10986877093091607,0.11418566131033003,3
883a1941-a022-4bd0-aa7e-bc053cb60856,153.4105908870697,144000,2%/2mm/10%,10,2.0,1,pymedphys,cpu,,tensor,98.11055040488206,0.3733325389912352,0.37686602332784486,3
9247005d-f858-45db-874d-bdb91ec05f6e,116.248260140419,144000,2%/2mm/10%,10,2.0,1,pymedphys,cpu,,tensor,95.1891756452017,0.31420075392816216,0.3282263269647956,3
acad417b-c3e8-464b-9cf2-f9d9b831095b,144.26342368125916,144000,2%/2mm/10%,10,2.0,1,pymedphys,cpu,,tensor,94.47196354269863,1.0404965479392558,1.0634878012739744,3
ae66f60e-ad24-4a8c-b34d-ab554da98962,148.0334234237671,144000,2%/2mm/10%,10,2.0,1,pymedphys,cpu,,tensor,89.51143591825686,3.1957425159635022,3.2410906510194764,3
bb89c4a7-8088-46df-bc8f-e5e97bdb002b,153.72092843055725,144000,2%/2mm/10%,10,2.0,1,pymedphys,cpu,,tensor,81.0571736785329,3.6161877940176055,3.641614790307358,3
bca0a1d8-902b-43e3-9330-00667f14172f,118.96189868450165,144000,2%/2mm/10%,10,2.0,1,pymedphys,cpu,,tensor,99.29352780309935,0.12026967899873853,0.13269787460255125,3
bce1cef6-54fc-43b5-9380-4dfecc596a02,145.6991982460022,144000,2%/2mm/10%,10,2.0,1,pymedphys,cpu,,tensor,98.95474025295286,0.2227012850344181,0.24201818505146852,3
bd667134-6718-48ea-ad29-8f00b2463949,116.248260140419,144000,2%/2mm/10%,10,2.0,1,pymedphys,cpu,,tensor,96.75118858954042,0.23189564503263682,0.23678902133057514,3
c2c6b732-5882-4091-a6df-6ffffc7ea5a5,93.33474904298782,144000,2%/2mm/10%,10,2.0,1,pymedphys,cpu,,tensor,95.60510064961103,1.0588953730184585,1.0753564756984513,3
e040513b-d5bd-4c76-8b52-151dc0e23362,113.97911131381989,144000,2%/2mm/10%,10,2.0,1,pymedphys,cpu,,tensor,95.0415892756198,1.1734674440231174,1.176004455036794,3
e880a943-c2d7-456b-8701-0f5b0cec81e5,120.99025964736938,144000,2%/2mm/10%,10,2.0,1,pymedphys,cpu,,tensor,92.94489721445079,1.054510977002792,1.0637011683623616,3
f56ab9b1-d9a1-4f5f-9a63-a39f37a25eea,92.88086861371994,144000,2%/2mm/10%,10,2.0,1,pymedphys,cpu,,tensor,97.03682393555812,0.21087126596830785,0.2125603606691584,3
f5a98603-643e-4eb5-b1b2-82506d507d92,127.92829990386963,144000,2%/2mm/10%,10,2.0,1,pymedphys,cpu,,tensor,97.1381169639154,0.2569521029945463,0.27353849669452757,3
f66617bb-c240-4004-b316-ed986e759e9d,99.09188866615295,144000,2%/2mm/10%,10,2.0,1,pymedphys,cpu,,tensor,99.94686503719447,0.09587527601979673,0.10038646496832371,3
f6bab911-32d5-4edc-974e-b9c25e415588,91.70978635549545,144000,2%/2mm/10%,10,2.0,1,pymedphys,cpu,,tensor,99.54844006568145,0.09984977496787906,0.10577860567718744,3
ffe59e68-ac3e-47f4-a592-8ed831d25460,98.0342847108841,144000,2%/2mm/10%,10,2.0,1,pymedphys,cpu,,tensor,92.9957036844161,0.7992349020205438,0.8273130643647164,3
080281e0-850c-4030-a1eb-da148c77a9cf,156.6183578968048,144000,2%/2mm/10%,10,2.0,3,torch,cuda:1,float64,array,99.92045956694653,0.05339573905803263,0.05538520535143713,3
13b54e4f-f8f8-4b93-84c5-61ac5a170582,177.97147750854492,144000,2%/2mm/10%,10,2.0,3,torch,cuda:1,float64,array,99.10291798107255,0.05895321897696704,0.06520504201762378,3
15e69e83-9763-4e3d-b98f-0112f9d8a0ff,135.43013453483582,144000,2%/2mm/10%,10,2.0,3,torch,cuda:1,float64,array,97.08515511138872,0.06225520896259695,0.06312861464296778,3
2863720e-f0d2-4679-a463-e8942091b113,161.7336881160736,144000,2%/2mm/10%,10,2.0,3,torch,cuda:1,float64,array,99.07912382655341,0.05633561697322875,0.05743752734269947,3
2a0b77ce-1f12-4a2b-8712-ddb79a9e5746,142.26308584213257,144000,2%/2mm/10%,10,2.0,3,torch,cuda:1,float64,array,97.33057185594292,0.05742445692885667,0.061481514984431364,3
31b5555a-ff42-4060-8504-97805fe9dbca,120.86735486984253,144000,2%/2mm/10%,10,2.0,3,torch,cuda:1,float64,array,99.7753331267431,0.05517815402708948,0.06034089729655534,3
38cf13ac-fc55-4e7a-82a9-76d9e278380e,137.6460564136505,144000,2%/2mm/10%,10,2.0,3,torch,cuda:1,float64,array,99.48789075002668,0.055139097035862505,0.057957837668557964,3
3de01567-4d63-4d60-be0f-717162ef3a2e,160.04783034324646,144000,2%/2mm/10%,10,2.0,3,torch,cuda:1,float64,array,98.61297539149888,0.05800334794912487,0.06594722799491137,3
4ee9e379-9cfe-42bd-9e27-7bb3325fdaf5,166.2262988090515,144000,2%/2mm/10%,10,2.0,3,torch,cuda:1,float64,array,99.43810658947727,0.05269292590674013,0.05304987162041167,3
510113c3-76bd-4bc9-9089-71e2c1bb2036,79.81263816356659,144000,2%/2mm/10%,10,2.0,3,torch,cuda:1,float64,array,99.76403964134025,0.05417057394515723,0.0590871733535702,3
6893e011-a87f-45fe-ae10-516bc74a5257,146.84538960456848,144000,2%/2mm/10%,10,2.0,3,torch,cuda:1,float64,array,99.37203247051616,0.05415747396182269,0.05443589168135077,3
695cf12e-95f8-4d8a-afdd-02ea04ada6e2,142.38298654556274,144000,2%/2mm/10%,10,2.0,3,torch,cuda:1,float64,array,92.94754437634323,0.10513362800702453,0.1096810109835739,3
72fd486f-084e-4000-8d19-355604cf687f,158.20101022720337,144000,2%/2mm/10%,10,2.0,3,torch,cuda:1,float64,array,99.06681227042588,0.057860112050548196,0.06303783203475177,3
74af10f2-83d9-4fbd-b848-5ac41694f3fd,173.58777046203613,144000,2%/2mm/10%,10,2.0,3,torch,cuda:1,float64,array,99.21663151551672,0.05552264302968979,0.05646932602394372,3
7a78633c-2ba5-4fee-b606-628fa3f3fa30,80.71996614336967,144000,2%/2mm/10%,10,2.0,3,torch,cuda:1,float64,array,99.74890144381669,0.05581530393101275,0.06443933863192797,3
836e6824-cf0d-4dff-8cbc-a17f7f47ae2a,99.21854853630066,144000,2%/2mm/10%,10,2.0,3,torch,cuda:1,float64,array,99.93588373584099,0.05446123401634395,0.05948079299802581,3
883a1941-a022-4bd0-aa7e-bc053cb60856,153.4105908870697,144000,2%/2mm/10%,10,2.0,3,torch,cuda:1,float64,array,98.11055040488206,0.07445392897352576,0.08098577063841124,3
9247005d-f858-45db-874d-bdb91ec05f6e,116.248260140419,144000,2%/2mm/10%,10,2.0,3,torch,cuda:1,float64,array,95.1891756452017,0.07179063290823251,0.07338463495640705,3
acad417b-c3e8-464b-9cf2-f9d9b831095b,144.26342368125916,144000,2%/2mm/10%,10,2.0,3,torch,cuda:1,float64,array,94.47196354269863,0.09161730797495693,0.09348237595986575,3
ae66f60e-ad24-4a8c-b34d-ab554da98962,148.0334234237671,144000,2%/2mm/10%,10,2.0,3,torch,cuda:1,float64,array,89.51143591825686,0.18200231797527522,0.18672016266888627,3
bb89c4a7-8088-46df-bc8f-e5e97bdb002b,153.72092843055725,144000,2%/2mm/10%,10,2.0,3,torch,cuda:1,float64,array,81.0571736785329,0.1931804419727996,0.1959805516526103,3
bca0a1d8-902b-43e3-9330-00667f14172f,118.96189868450165,144000,2%/2mm/10%,10,2.0,3,torch,cuda:1,float64,array,99.29352780309935,0.05545280291698873,0.05553155962843448,3
bce1cef6-54fc-43b5-9380-4dfecc596a02,145.6991982460022,144000,2%/2mm/10%,10,2.0,3,torch,cuda:1,float64,array,98.95474025295286,0.0556973620550707,0.06484551801501463,3
bd667134-6718-48ea-ad29-8f00b2463949,116.248260140419,144000,2%/2mm/10%,10,2.0,3,torch,cuda:1,float64,array,96.75118858954042,0.054353969055227935,0.054856474666545786,3
c2c6b732-5882-4091-a6df-6ffffc7ea5a5,93.33474904298782,144000,2%/2mm/10%,10,2.0,3,torch,cuda:1,float64,array,95.60510064961103,0.08758295001462102,0.09003262299423416,3
e040513b-d5bd-4c76-8b52-151dc0e23362,113.97911131381989,144000,2%/2mm/10%,10,2.0,3,torch,cuda:1,float64,array,95.0415892756198,0.08751013304572552,0.09273940635224183,3
e880a943-c2d7-456b-8701-0f5b0cec81e5,120.99025964736938,144000,2%/2mm/10%,10,2.0,3,torch,cuda:1,float64,array,92.94489721445079,0.08415912906639278,0.09030808768390368,3
f56ab9b1-d9a1-4f5f-9a63-a39f37a25eea,92.88086861371994,144000,2%/2mm/10%,10,2.0,3,torch,cuda:1,float64,array,97.03682393555812,0.05916967592202127,0.0654054309707135,3
f5a98603-643e-4eb5-b1b2-82506d507d92,127.92829990386963,144000,2%/2mm/10%,10,2.0,3,torch,cuda:1,float64,array,97.1381169639154,0.0724468210246414,0.07387745135929435,3
f66617bb-c240-4004-b316-ed986e759e9d,99.09188866615295,144000,2%/2mm/10%,10,2.0,3,torch,cuda:1,float64,array,99.94686503719447,0.07331858295947313,0.07425116832988958,3
f6bab911-32d5-4edc-974e-b9c25e415588,91.70978635549545,144000,2%/2mm/10%,10,2.0,3,torch,cuda:1,float64,array,99.54844006568145,0.06988548405934125,0.07577716400070737,3
ffe59e68-ac3e-47f4-a592-8ed831d25460,98.0342847108841,144000,2%/2mm/10%,10,2.0,3,torch,cuda:1,float64,array,92.9957036844161,0.08351218095049262,0.08452483367485304,3
080281e0-850c-4030-a1eb-da148c77a9cf,156.6183578968048,144000,2%/2mm/10%,10,2.0,3,torch,cuda:1,float64,tensor,99.92045956694653,0.06643706792965531,0.06823181465733796,3
13b54e4f-f8f8-4b93-84c5-61ac5a170582,177.97147750854492,144000,2%/2mm/10%,10,2.0,3,torch,cuda:1,float64,tensor,99.10291798107255,0.07946454000193626,0.08802175067830831,3
15e69e83-9763-4e3d-b98f-0112f9d8a0ff,135.43013453483582,144000,2%/2mm/10%,10,2.0,3,torch,cuda:1,float64,tensor,97.08515511138872,0.07524032099172473,0.07801659230608493,3
2863720e-f0d2-4679-a463-e8942091b113,161.7336881160736,144000,2%/2mm/10%,10,2.0,3,torch,cuda:1,float64,tensor,99.07912382655341,0.07077609503176063,0.07281301698336999,3
2a0b77ce-1f12-4a2b-8712-ddb79a9e5746,142.26308584213257,144000,2%/2mm/10%,10,2.0,3,torch,cuda:1,float64,tensor,97.33057185594292,0.05269993201363832,0.0661631259912004,3
31b5555a-ff42-4060-8504-97805fe9dbca,120.86735486984253,144000,2%/2mm/10%,10,2.0,3,torch,cuda:1,float64,tensor,99.7753331267431,0.05257877998519689,0.05303111067041755,3
38cf13ac-fc55-4e7a-82a9-76d9e278380e,137.6460564136505,144000,2%/2mm/10%,10,2.0,3,torch,cuda:1,float64,tensor,99.48789075002668,0.05304095090832561,0.05359399097505957,3
3de01567-4d63-4d60-be0f-717162ef3a2e,160.04783034324646,144000,2%/2mm/10%,10,2.0,3,torch,cuda:1,float64,tensor,98.61297539149888,0.0525318180443719,0.0545164670329541,3
4ee9e379-9cfe-42bd-9e27-7bb3325fdaf5,166.2262988090515,144000,2%/2mm/10%,10,2.0,3,torch,cuda:1,float64,tensor,99.43810658947727,0.05148903210647404,0.05200286135853579,3
510113c3-76bd-4bc9-9089-71e2c1bb2036,79.81263816356659,144000,2%/2mm/10%,10,2.0,3,torch,cuda:1,float64,tensor,99.76403964134025,0.050734146032482386,0.051678104364934065,3
6893e011-a87f-45fe-ae10-516bc74a5257,146.84538960456848,144000,2%/2mm/10%,10,2.0,3,torch,cuda:1,float64,tensor,99.37203247051616,0.052534996066242456,0.05478603136725724,3
695cf12e-95f8-4d8a-afdd-02ea04ada6e2,142.38298654556274,144000,2%/2mm/10%,10,2.0,3,torch,cuda:1,float64,tensor,92.94754437634323,0.1012711669318378,0.10287658063073953,3
72fd486f-084e-4000-8d19-355604cf687f,158.20101022720337,144000,2%/2mm/10%,10,2.0,3,torch,cuda:1,float64,tensor,99.06681227042588,0.054032210959121585,0.05448611065124472,3
74af10f2-83d9-4fbd-b848-5ac41694f3fd,173.58777046203613,144000,2%/2mm/10%,10,2.0,3,torch,cuda:1,float64,tensor,99.21663151551672,0.053861271939240396,0.054854154315156244,3
7a78633c-2ba5-4fee-b606-628fa3f3fa30,80.71996614336967,144000,2%/2mm/10%,10,2.0,3,torch,cuda:1,float64,tensor,99.74890144381669,0.05159284803085029,0.06102278033116212,3
836e6824-cf0d-4dff-8cbc-a17f7f47ae2a,99.21854853630066,144000,2%/2mm/10%,10,2.0,3,torch,cuda:1,float64,tensor,99.93588373584099,0.05219553702045232,0.05376736000956347,3
883a1941-a022-4bd0-aa7e-bc053cb60856,153.4105908870697,144000,2%/2mm/10%,10,2.0,3,torch,cuda:1,float64,tensor,98.11055040488206,0.054507844033651054,0.0549996190238744,3
9247005d-f858-45db-874d-bdb91ec05f6e,116.248260140419,144000,2%/2mm/10%,10,2.0,3,torch,cuda:1,float64,tensor,95.1891756452017,0.05454736098181456,0.05626992632945379,3
acad417b-c3e8-464b-9cf2-f9d9b831095b,144.26342368125916,144000,2%/2mm/10%,10,2.0,3,torch,cuda:1,float64,tensor,94.47196354269863,0.07784636097494513,0.07881358797506739,3
ae66f60e-ad24-4a8c-b34d-ab554da98962,148.0334234237671,144000,2%/2mm/10%,10,2.0,3,torch,cuda:1,float64,tensor,89.51143591825686,0.17396487295627594,0.17461630899924785,3
bb89c4a7-8088-46df-bc8f-e5e97bdb002b,153.72092843055725,144000,2%/2mm/10%,10,2.0,3,torch,cuda:1,float64,tensor,81.0571736785329,0.18457406293600798,0.18690111631682763,3
bca0a1d8-902b-43e3-9330-00667f14172f,118.96189868450165,144000,2%/2mm/10%,10,2.0,3,torch,cuda:1,float64,tensor,99.29352780309935,0.05232892406638712,0.05254838704907646,3
bce1cef6-54fc-43b5-9380-4dfecc596a02,145.6991982460022,144000,2%/2mm/10%,10,2.0,3,torch,cuda:1,float64,tensor,98.95474025295286,0.053030762006528676,0.0542376006875808,3
bd667134-6718-48ea-ad29-8f00b2463949,116.248260140419,144000,2%/2mm/10%,10,2.0,3,torch,cuda:1,float64,tensor,96.75118858954042,0.05375539802480489,0.0548859026748687,3
c2c6b732-5882-4091-a6df-6ffffc7ea5a5,93.33474904298782,144000,2%/2mm/10%,10,2.0,3,torch,cuda:1,float64,tensor,95.60510064961103,0.08663765003439039,0.08738660300150514,3
e040513b-d5bd-4c76-8b52-151dc0e23362,113.97911131381989,144000,2%/2mm/10%,10,2.0,3,torch,cuda:1,float64,tensor,95.0415892756198,0.08598396903835237,0.08735018130391836,3
e880a943-c2d7-456b-8701-0f5b0cec81e5,120.99025964736938,144000,2%/2mm/10%,10,2.0,3,torch,cuda:1,float64,tensor,92.94489721445079,0.08056242996826768,0.08190578567640235,3
f56ab9b1-d9a1-4f5f-9a63-a39f37a25eea,92.88086861371994,144000,2%/2mm/10%,10,2.0,3,torch,cuda:1,float64,tensor,97.03682393555812,0.053994194022379816,0.05492204299662262,3
f5a98603-643e-4eb5-b1b2-82506d507d92,127.92829990386963,144000,2%/2mm/10%,10,2.0,3,torch,cuda:1,float64,tensor,97.1381169639154,0.05273305298760533,0.05303155002184212,3
f66617bb-c240-4004-b316-ed986e759e9d,99.09188866615295,144000,2%/2mm/10%,10,2.0,3,torch,cuda:1,float64,tensor,99.94686503719447,0.056109583005309105,0.057508131372742355,3
f6bab911-32d5-4edc-974e-b9c25e415588,91.70978635549545,144000,2%/2mm/10%,10,2.0,3,torch,cuda:1,float64,tensor,99.54844006568145,0.0514437920646742,0.05161298469950756,3
ffe59e68-ac3e-47f4-a592-8ed831d25460,98.0342847108841,144000,2%/2mm/10%,10,2.0,3,torch,cuda:1,float64,tensor,92.9957036844161,0.0704215809237212,0.07326301431749016,3
080281e0-850c-4030-a1eb-da148c77a9cf,156.6183578968048,144000,2%/2mm/10%,10,2.0,4,torch,cuda:1,float32,array,99.92045956694653,0.05255350994411856,0.053525095960746207,3
13b54e4f-f8f8-4b93-84c5-61ac5a170582,177.97147750854492,144000,2%/2mm/10%,10,2.0,4,torch,cuda:1,float32,array,99.10291798107255,0.06044564093463123,0.06382273766212165,3
15e69e83-9763-4e3d-b98f-0112f9d8a0ff,135.43013453483582,144000,2%/2mm/10%,10,2.0,4,torch,cuda:1,float32,array,97.08515511138872,0.057516606990247965,0.05935622666341563,3
2863720e-f0d2-4679-a463-e8942091b113,161.7336881160736,144000,2%/2mm/10%,10,2.0,4,torch,cuda:1,float32,array,99.07912382655341,0.05649095098488033,0.05881165899336338,3
2a0b77ce-1f12-4a2b-8712-ddb79a9e5746,142.26308584213257,144000,2%/2mm/10%,10,2.0,4,torch,cuda:1,float32,array,97.33057185594292,0.05594503891188651,0.05770406099812438,3
31b5555a-ff42-4060-8504-97805fe9dbca,120.86735486984253,144000,2%/2mm/10%,10,2.0,4,torch,cuda:1,float32,array,99.7753331267431,0.05863014596980065,0.06192717635227988,3
38cf13ac-fc55-4e7a-82a9-76d9e278380e,137.6460564136505,144000,2%/2mm/10%,10,2.0,4,torch,cuda:1,float32,array,99.48789075002668,0.05550224194303155,0.05774360499344766,3
3de01567-4d63-4d60-be0f-717162ef3a2e,160.04783034324646,144000,2%/2mm/10%,10,2.0,4,torch,cuda:1,float32,array,98.61297539149888,0.05747956898994744,0.05815408134367317,3
4ee9e379-9cfe-42bd-9e27-7bb3325fdaf5,166.2262988090515,144000,2%/2mm/10%,10,2.0,4,torch,cuda:1,float32,array,99.43810658947727,0.05657105799764395,0.06013397666780899,3
510113c3-76bd-4bc9-9089-71e2c1bb2036,79.81263816356659,144000,2%/2mm/10%,10,2.0,4,torch,cuda:1,float32,array,99.76403964134025,0.057583083980716765,0.060664454979511596,3
6893e011-a87f-45fe-ae10-516bc74a5257,146.84538960456848,144000,2%/2mm/10%,10,2.0,4,torch,cuda:1,float32,array,99.37203247051616,0.05570848600473255,0.05785834164513896,3
695cf12e-95f8-4d8a-afdd-02ea04ada6e2,142.38298654556274,144000,2%/2mm/10%,10,2.0,4,torch,cuda:1,float32,array,92.94754437634323,0.08085715502966195,0.08116009101892512,3
72fd486f-084e-4000-8d19-355604cf687f,158.20101022720337,144000,2%/2mm/10%,10,2.0,4,torch,cuda:1,float32,array,99.06681227042588,0.057075242046266794,0.05956656171474606,3
74af10f2-83d9-4fbd-b848-5ac41694f3fd,173.58777046203613,144000,2%/2mm/10%,10,2.0,4,torch,cuda:1,float32,array,99.21663151551672,0.05930515506770462,0.06364441903618474,3
7a78633c-2ba5-4fee-b606-628fa3f3fa30,80.71996614336967,144000,2%/2mm/10%,10,2.0,4,torch,cuda:1,float32,array,99.74890144381669,0.054774005082435906,0.05520238036600252,3
836e6824-cf0d-4dff-8cbc-a17f7f47ae2a,99.21854853630066,144000,2%/2mm/10%,10,2.0,4,torch,cuda:1,float32,array,99.93588373584099,0.056848728097975254,0.0591930306594198,3
883a1941-a022-4bd0-aa7e-bc053cb60856,153.4105908870697,144000,2%/2mm/10%,10,2.0,4,torch,cuda:1,float32,array,98.11055040488206,0.05607927497476339,0.057088315642128386,3
9247005d-f858-45db-874d-bdb91ec05f6e,116.248260140419,144000,2%/2mm/10%,10,2.0,4,torch,cuda:1,float32,array,95.1891756452017,0.058769011055119336,0.062188453351457916,3
acad417b-c3e8-464b-9cf2-f9d9b831095b,144.26342368125916,144000,2%/2mm/10%,10,2.0,4,torch,cuda:1,float32,array,94.47196354269863,0.06414013809990138,0.06913780440421154,3
ae66f60e-ad24-4a8c-b34d-ab554da98962,148.0334234237671,144000,2%/2mm/10%,10,2.0,4,torch,cuda:1,float32,array,89.51143591825686,0.13049742195289582,0.13162608130369335,3
bb89c4a7-8088-46df-bc8f-e5e97bdb002b,153.72092843055725,144000,2%/2mm/10%,10,2.0,4,torch,cuda:1,float32,array,81.0571736785329,0.1385327990865335,0.1412518210321044,3
bca0a1d8-902b-43e3-9330-00667f14172f,118.96189868450165,144000,2%/2mm/10%,10,2.0,4,torch,cuda:1,float32,array,99.29352780309935,0.056191193987615407,0.05731518333777785,3
bce1cef6-54fc-43b5-9380-4dfecc596a02,145.6991982460022,144000,2%/2mm/10%,10,2.0,4,torch,cuda:1,float32,array,98.95474025295286,0.05724716791883111,0.059884618618525565,3
bd667134-6718-48ea-ad29-8f00b2463949,116.248260140419,144000,2%/2mm/10%,10,2.0,4,torch,cuda:1,float32,array,96.75118858954042,0.05857812997419387,0.06125835162432244,3
c2c6b732-5882-4091-a6df-6ffffc7ea5a5,93.33474904298782,144000,2%/2mm/10%,10,2.0,4,torch,cuda:1,float32,array,95.60510064961103,0.0661095529794693,0.06835394263422738,3
e040513b-d5bd-4c76-8b52-151dc0e23362,113.97911131381989,144000,2%/2mm/10%,10,2.0,4,torch,cuda:1,float32,array,95.05774045061777,0.0692089470103383,0.07056521100457758,3
e880a943-c2d7-456b-8701-0f5b0cec81e5,120.99025964736938,144000,2%/2mm/10%,10,2.0,4,torch,cuda:1,float32,array,92.94489721445079,0.06808709097094834,0.06874012333961825,3
f56ab9b1-d9a1-4f5f-9a63-a39f37a25eea,92.88086861371994,144000,2%/2mm/10%,10,2.0,4,torch,cuda:1,float32,array,97.06559263521288,0.06502058997284621,0.07019677471059065,3
f5a98603-643e-4eb5-b1b2-82506d507d92,127.92829990386963,144000,2%/2mm/10%,10,2.0,4,torch,cuda:1,float32,array,97.1381169639154,0.05550331994891167,0.0559345733296747,3
f66617bb-c240-4004-b316-ed986e759e9d,99.09188866615295,144000,2%/2mm/10%,10,2.0,4,torch,cuda:1,float32,array,99.94686503719447,0.05549786798655987,0.05830931531575819,3
f6bab911-32d5-4edc-974e-b9c25e415588,91.70978635549545,144000,2%/2mm/10%,10,2.0,4,torch,cuda:1,float32,array,99.54844006568145,0.05481941008474678,0.05568908201530576,3
ffe59e68-ac3e-47f4-a592-8ed831d25460,98.0342847108841,144000,2%/2mm/10%,10,2.0,4,torch,cuda:1,float32,array,93.00872282254915,0.06128190702293068,0.06579439664104332,3
080281e0-850c-4030-a1eb-da148c77a9cf,156.6183578968048,144000,2%/2mm/10%,10,2.0,4,torch,cuda:1,float32,tensor,99.92045956694653,0.050688931019976735,0.05108833763127526,3
13b54e4f-f8f8-4b93-84c5-61ac5a170582,177.97147750854492,144000,2%/2mm/10%,10,2.0,4,torch,cuda:1,float32,tensor,99.10291798107255,0.054765770910307765,0.05599694365325073,3
15e69e83-9763-4e3d-b98f-0112f9d8a0ff,135.43013453483582,144000,2%/2mm/10%,10,2.0,4,torch,cuda:1,float32,tensor,97.08515511138872,0.0562472710153088,0.05744754037975023,3
2863720e-f0d2-4679-a463-e8942091b113,161.7336881160736,144000,2%/2mm/10%,10,2.0,4,torch,cuda:1,float32,tensor,99.07912382655341,0.05430632899515331,0.05471702467184514,3
2a0b77ce-1f12-4a2b-8712-ddb79a9e5746,142.26308584213257,144000,2%/2mm/10%,10,2.0,4,torch,cuda:1,float32,tensor,97.33057185594292,0.05489653593394905,0.055625582307887576,3
31b5555a-ff42-4060-8504-97805fe9dbca,120.86735486984253,144000,2%/2mm/10%,10,2.0,4,torch,cuda:1,float32,tensor,99.7753331267431,0.05455729097593576,0.05501078631884108,3
38cf13ac-fc55-4e7a-82a9-76d9e278380e,137.6460564136505,144000,2%/2mm/10%,10,2.0,4,torch,cuda:1,float32,tensor,99.48789075002668,0.05541243404150009,0.058357089680309095,3
3de01567-4d63-4d60-be0f-717162ef3a2e,160.04783034324646,144000,2%/2mm/10%,10,2.0,4,torch,cuda:1,float32,tensor,98.61297539149888,0.05441006098408252,0.054738672993456326,3
4ee9e379-9cfe-42bd-9e27-7bb3325fdaf5,166.2262988090515,144000,2%/2mm/10%,10,2.0,4,torch,cuda:1,float32,tensor,99.43810658947727,0.0552148949354887,0.0555916316419219,3
510113c3-76bd-4bc9-9089-71e2c1bb2036,79.81263816356659,144000,2%/2mm/10%,10,2.0,4,torch,cuda:1,float32,tensor,99.76403964134025,0.053529519005678594,0.053942271624691784,3
6893e011-a87f-45fe-ae10-516bc74a5257,146.84538960456848,144000,2%/2mm/10%,10,2.0,4,torch,cuda:1,float32,tensor,99.37203247051616,0.05381174304056913,0.05707556005412092,3
695cf12e-95f8-4d8a-afdd-02ea04ada6e2,142.38298654556274,144000,2%/2mm/10%,10,2.0,4,torch,cuda:1,float32,tensor,92.94754437634323,0.07823936606291682,0.07901312538888305,3
72fd486f-084e-4000-8d19-355604cf687f,158.20101022720337,144000,2%/2mm/10%,10,2.0,4,torch,cuda:1,float32,tensor,99.06681227042588,0.054572629975154996,0.054758232979414366,3
74af10f2-83d9-4fbd-b848-5ac41694f3fd,173.58777046203613,144000,2%/2mm/10%,10,2.0,4,torch,cuda:1,float32,tensor,99.21663151551672,0.05424686800688505,0.05717880267184228,3
7a78633c-2ba5-4fee-b606-628fa3f3fa30,80.71996614336967,144000,2%/2mm/10%,10,2.0,4,torch,cuda:1,float32,tensor,99.74890144381669,0.053659262019209564,0.054351848006869354,3
836e6824-cf0d-4dff-8cbc-a17f7f47ae2a,99.21854853630066,144000,2%/2mm/10%,10,2.0,4,torch,cuda:1,float32,tensor,99.93588373584099,0.05469084205105901,0.05530673401275029,3
883a1941-a022-4bd0-aa7e-bc053cb60856,153.4105908870697,144000,2%/2mm/10%,10,2.0,4,torch,cuda:1,float32,tensor,98.11055040488206,0.05424828501418233,0.057031531973431505,3
9247005d-f858-45db-874d-bdb91ec05f6e,116.248260140419,144000,2%/2mm/10%,10,2.0,4,torch,cuda:1,float32,tensor,95.1891756452017,0.053677372983656824,0.05448118034595003,3
acad417b-c3e8-464b-9cf2-f9d9b831095b,144.26342368125916,144000,2%/2mm/10%,10,2.0,4,torch,cuda:1,float32,tensor,94.47196354269863,0.0642657580319792,0.06459110102150589,3
ae66f60e-ad24-4a8c-b34d-ab554da98962,148.0334234237671,144000,2%/2mm/10%,10,2.0,4,torch,cuda:1,float32,tensor,89.51143591825686,0.12777178105898201,0.12958605331368744,3
bb89c4a7-8088-46df-bc8f-e5e97bdb002b,153.72092843055725,144000,2%/2mm/10%,10,2.0,4,torch,cuda:1,float32,tensor,81.0571736785329,0.1378419219981879,0.13884771599744758,3
bca0a1d8-902b-43e3-9330-00667f14172f,118.96189868450165,144000,2%/2mm/10%,10,2.0,4,torch,cuda:1,float32,tensor,99.29352780309935,0.053431318956427276,0.054438443311179675,3
bce1cef6-54fc-43b5-9380-4dfecc596a02,145.6991982460022,144000,2%/2mm/10%,10,2.0,4,torch,cuda:1,float32,tensor,98.95474025295286,0.05413868895266205,0.05540015265190353,3
bd667134-6718-48ea-ad29-8f00b2463949,116.248260140419,144000,2%/2mm/10%,10,2.0,4,torch,cuda:1,float32,tensor,96.75118858954042,0.053141679032705724,0.05338323135705044,3
c2c6b732-5882-4091-a6df-6ffffc7ea5a5,93.33474904298782,144000,2%/2mm/10%,10,2.0,4,torch,cuda:1,float32,tensor,95.60510064961103,0.06531004002317786,0.06550368135018896,3
e040513b-d5bd-4c76-8b52-151dc0e23362,113.97911131381989,144000,2%/2mm/10%,10,2.0,4,torch,cuda:1,float32,tensor,95.05774045061777,0.06577573902904987,0.06601985097707559,3
e880a943-c2d7-456b-8701-0f5b0cec81e5,120.99025964736938,144000,2%/2mm/10%,10,2.0,4,torch,cuda:1,float32,tensor,92.94489721445079,0.06603870203252882,0.0667106193723157,3
f56ab9b1-d9a1-4f5f-9a63-a39f37a25eea,92.88086861371994,144000,2%/2mm/10%,10,2.0,4,torch,cuda:1,float32,tensor,97.06559263521288,0.05326997593510896,0.05344726894206057,3
f5a98603-643e-4eb5-b1b2-82506d507d92,127.92829990386963,144000,2%/2mm/10%,10,2.0,4,torch,cuda:1,float32,tensor,97.1381169639154,0.05450431094504893,0.05464250633182625,3
f66617bb-c240-4004-b316-ed986e759e9d,99.09188866615295,144000,2%/2mm/10%,10,2.0,4,torch,cuda:1,float32,tensor,99.94686503719447,0.05317344004288316,0.053475639006743826,3
f6bab911-32d5-4edc-974e-b9c25e415588,91.70978635549545,144000,2%/2mm/10%,10,2.0,4,torch,cuda:1,float32,tensor,99.54844006568145,0.05329965602140874,0.05382324634895971,3
ffe59e68-ac3e-47f4-a592-8ed831d25460,98.0342847108841,144000,2%/2mm/10%,10,2.0,4,torch,cuda:1,float32,tensor,93.00872282254915,0.058721120934933424,0.05894738129184892,3
080281e0-850c-4030-a1eb-da148c77a9cf,156.6183578968048,144000,3%/3mm/10%,10,2.0,1,pymedphys,cpu,,array,99.99116217410517,0.08846844790969044,0.09001439961139113,3
13b54e4f-f8f8-4b93-84c5-61ac5a170582,177.97147750854492,144000,3%/3mm/10%,10,2.0,1,pymedphys,cpu,,array,99.51695583596214,0.18274059693794698,0.18854559597093612,3
15e69e83-9763-4e3d-b98f-0112f9d8a0ff,135.43013453483582,144000,3%/3mm/10%,10,2.0,1,pymedphys,cpu,,array,97.82427649385801,0.3742814529687166,0.37897917298444855,3
2863720e-f0d2-4679-a463-e8942091b113,161.7336881160736,144000,3%/3mm/10%,10,2.0,1,pymedphys,cpu,,array,99.67814036656236,0.1548952730372548,0.15804469236172736,3
2a0b77ce-1f12-4a2b-8712-ddb79a9e5746,142.26308584213257,144000,3%/3mm/10%,10,2.0,1,pymedphys,cpu,,array,98.89540904383846,0.24927492602728307,0.26565122169752914,3
31b5555a-ff42-4060-8504-97805fe9dbca,120.86735486984253,144000,3%/3mm/10%,10,2.0,1,pymedphys,cpu,,array,99.92252866439418,0.15117708698380738,0.1530473210150376,3
38cf13ac-fc55-4e7a-82a9-76d9e278380e,137.6460564136505,144000,3%/3mm/10%,10,2.0,1,pymedphys,cpu,,array,99.88264163021444,0.1383888990385458,0.14063891531744352,3
3de01567-4d63-4d60-be0f-717162ef3a2e,160.04783034324646,144000,3%/3mm/10%,10,2.0,1,pymedphys,cpu,,array,99.48545861297539,0.16208996693603694,0.16345754731446505,3
4ee9e379-9cfe-42bd-9e27-7bb3325fdaf5,166.2262988090515,144000,3%/3mm/10%,10,2.0,1,pymedphys,cpu,,array,99.94891878086158,0.08022027497645468,0.08257331400333594,3
510113c3-76bd-4bc9-9089-71e2c1bb2036,79.81263816356659,144000,3%/3mm/10%,10,2.0,1,pymedphys,cpu,,array,99.85842378480415,0.08347910596057773,0.08381667434393118,3
6893e011-a87f-45fe-ae10-516bc74a5257,146.84538960456848,144000,3%/3mm/10%,10,2.0,1,pymedphys,cpu,,array,99.75493950068923,0.12200483598280698,0.12325322829807799,3
695cf12e-95f8-4d8a-afdd-02ea04ada6e2,142.38298654556274,144000,3%/3mm/10%,10,2.0,1,pymedphys,cpu,,array,96.71256865398392,0.5862956590717658,0.5883718817106759,3
72fd486f-084e-4000-8d19-355604cf687f,158.20101022720337,144000,3%/3mm/10%,10,2.0,1,pymedphys,cpu,,array,99.3844931996426,0.1639912660466507,0.16558869202466062,3
74af10f2-83d9-4fbd-b848-5ac41694f3fd,173.58777046203613,144000,3%/3mm/10%,10,2.0,1,pymedphys,cpu,,array,99.60831575775836,0.1521303839981556,0.1544915110183259,3
7a78633c-2ba5-4fee-b606-628fa3f3fa30,80.71996614336967,144000,3%/3mm/10%,10,2.0,1,pymedphys,cpu,,array,99.90583804143127,0.09106123505625874,0.09237323670337598,3
836e6824-cf0d-4dff-8cbc-a17f7f47ae2a,99.21854853630066,144000,3%/3mm/10%,10,2.0,1,pymedphys,cpu,,array,99.957255823894,0.08710618293844163,0.09306756833878656,3
883a1941-a022-4bd0-aa7e-bc053cb60856,153.4105908870697,144000,3%/3mm/10%,10,2.0,1,pymedphys,cpu,,array,99.47189297030864,0.18047782592475414,0.19382336429165056,3
9247005d-f858-45db-874d-bdb91ec05f6e,116.248260140419,144000,3%/3mm/10%,10,2.0,1,pymedphys,cpu,,array,97.66975695314457,0.17248123104218394,0.17918110836762935,3
acad417b-c3e8-464b-9cf2-f9d9b831095b,144.26342368125916,144000,3%/3mm/10%,10,2.0,1,pymedphys,cpu,,array,97.40439865266495,0.4227714620064944,0.4298721860007693,3
ae66f60e-ad24-4a8c-b34d-ab554da98962,148.0334234237671,144000,3%/3mm/10%,10,2.0,1,pymedphys,cpu,,array,92.5700365408039,1.8994323569349945,1.9475259049795568,3
bb89c4a7-8088-46df-bc8f-e5e97bdb002b,153.72092843055725,144000,3%/3mm/10%,10,2.0,1,pymedphys,cpu,,array,86.53721682847898,2.313505235943012,2.3432183233089745,3
bca0a1d8-902b-43e3-9330-00667f14172f,118.96189868450165,144000,3%/3mm/10%,10,2.0,1,pymedphys,cpu,,array,99.81768459434822,0.09547644993290305,0.09691819393386443,3
bce1cef6-54fc-43b5-9380-4dfecc596a02,145.6991982460022,144000,3%/3mm/10%,10,2.0,1,pymedphys,cpu,,array,99.43555973659454,0.16171049792319536,0.16406991829474768,3
bd667134-6718-48ea-ad29-8f00b2463949,116.248260140419,144000,3%/3mm/10%,10,2.0,1,pymedphys,cpu,,array,98.25673534072901,0.15793135203421116,0.15893697901628911,3
c2c6b732-5882-4091-a6df-6ffffc7ea5a5,93.33474904298782,144000,3%/3mm/10%,10,2.0,1,pymedphys,cpu,,array,97.61809287031838,0.5380450260126963,0.54728563533475,3
e040513b-d5bd-4c76-8b52-151dc0e23362,113.97911131381989,144000,3%/3mm/10%,10,2.0,1,pymedphys,cpu,,array,97.93264960025842,0.4965214100666344,0.5020850773435086,3
e880a943-c2d7-456b-8701-0f5b0cec81e5,120.99025964736938,144000,3%/3mm/10%,10,2.0,1,pymedphys,cpu,,array,95.54798686291205,0.5482678919797763,0.550293346052058,3
f56ab9b1-d9a1-4f5f-9a63-a39f37a25eea,92.88086861371994,144000,3%/3mm/10%,10,2.0,1,pymedphys,cpu,,array,98.61910241657077,0.1421557409921661,0.14724686066620052,3
f5a98603-643e-4eb5-b1b2-82506d507d92,127.92829990386963,144000,3%/3mm/10%,10,2.0,1,pymedphys,cpu,,array,98.50684363334716,0.15957207803148776,0.16963290031223247,3
f66617bb-c240-4004-b316-ed986e759e9d,99.09188866615295,144000,3%/3mm/10%,10,2.0,1,pymedphys,cpu,,array,99.94686503719447,0.0748123750090599,0.07808547866685937,3
f6bab911-32d5-4edc-974e-b9c25e415588,91.70978635549545,144000,3%/3mm/10%,10,2.0,1,pymedphys,cpu,,array,99.83579638752053,0.08964522695168853,0.09733676999652137,3
ffe59e68-ac3e-47f4-a592-8ed831d25460,98.0342847108841,144000,3%/3mm/10%,10,2.0,1,pymedphys,cpu,,array,97.14880874886083,0.365987760014832,0.374616206313173,3
080281e0-850c-4030-a1eb-da148c77a9cf,156.6183578968048,144000,3%/3mm/10%,10,2.0,1,pymedphys,cpu,,tensor,99.99116217410517,0.0890562660060823,0.09275881166104227,3
13b54e4f-f8f8-4b93-84c5-61ac5a170582,177.97147750854492,144000,3%/3mm/10%,10,2.0,1,pymedphys,cpu,,tensor,99.51695583596214,0.16560267796739936,0.17574512128097317,3
15e69e83-9763-4e3d-b98f-0112f9d8a0ff,135.43013453483582,144000,3%/3mm/10%,10,2.0,1,pymedphys,cpu,,tensor,97.82427649385801,0.37796160602010787,0.38767279133511084,3
2863720e-f0d2-4679-a463-e8942091b113,161.7336881160736,144000,3%/3mm/10%,10,2.0,1,pymedphys,cpu,,tensor,99.67814036656236,0.1598305070074275,0.1670713749869416,3
2a0b77ce-1f12-4a2b-8712-ddb79a9e5746,142.26308584213257,144000,3%/3mm/10%,10,2.0,1,pymedphys,cpu,,tensor,98.89540904383846,0.2562315099639818,0.266683967007945,3
31b5555a-ff42-4060-8504-97805fe9dbca,120.86735486984253,144000,3%/3mm/10%,10,2.0,1,pymedphys,cpu,,tensor,99.92252866439418,0.15923549595754594,0.16019584001818052,3
38cf13ac-fc55-4e7a-82a9-76d9e278380e,137.6460564136505,144000,3%/3mm/10%,10,2.0,1,pymedphys,cpu,,tensor,99.88264163021444,0.13826250296551734,0.14315838432715586,3
3de01567-4d63-4d60-be0f-717162ef3a2e,160.04783034324646,144000,3%/3mm/10%,10,2.0,1,pymedphys,cpu,,tensor,99.48545861297539,0.17546105198562145,0.17604613331301758,3
4ee9e379-9cfe-42bd-9e27-7bb3325fdaf5,166.2262988090515,144000,3%/3mm/10%,10,2.0,1,pymedphys,cpu,,tensor,99.94891878086158,0.08586412901058793,0.09446846332866699,3
510113c3-76bd-4bc9-9089-71e2c1bb2036,79.81263816356659,144000,3%/3mm/10%,10,2.0,1,pymedphys,cpu,,tensor,99.85842378480415,0.08627359697129577,0.0933161706586058,3
6893e011-a87f-45fe-ae10-516bc74a5257,146.84538960456848,144000,3%/3mm/10%,10,2.0,1,pymedphys,cpu,,tensor,99.75493950068923,0.12493364803958684,0.13281732231068114,3
695cf12e-95f8-4d8a-afdd-02ea04ada6e2,142.38298654556274,144000,3%/3mm/10%,10,2.0,1,pymedphys,cpu,,tensor,96.71256865398392,0.5791555109899491,0.5919761036445076,3
72fd486f-084e-4000-8d19-355604cf687f,158.20101022720337,144000,3%/3mm/10%,10,2.0,1,pymedphys,cpu,,tensor,99.3844931996426,0.175723223015666,0.17971307202242315,3
74af10f2-83d9-4fbd-b848-5ac41694f3fd,173.58777046203613,144000,3%/3mm/10%,10,2.0,1,pymedphys,cpu,,tensor,99.60831575775836,0.15770880004856735,0.15927356698860726,3
7a78633c-2ba5-4fee-b606-628fa3f3fa30,80.71996614336967,144000,3%/3mm/10%,10,2.0,1,pymedphys,cpu,,tensor,99.90583804143127,0.09558208007365465,0.09643111603024106,3
836e6824-cf0d-4dff-8cbc-a17f7f47ae2a,99.21854853630066,144000,3%/3mm/10%,10,2.0,1,pymedphys,cpu,,tensor,99.957255823894,0.09096410300116986,0.09297705030379196,3
883a1941-a022-4bd0-aa7e-bc053cb60856,153.4105908870697,144000,3%/3mm/10%,10,2.0,1,pymedphys,cpu,,tensor,99.47189297030864,0.1885628040181473,0.19061184430029243,3
9247005d-f858-45db-874d-bdb91ec05f6e,116.248260140419,144000,3%/3mm/10%,10,2.0,1,pymedphys,cpu,,tensor,97.66975695314457,0.18159803503658623,0.18380831570054093,3
acad417b-c3e8-464b-9cf2-f9d9b831095b,144.26342368125916,144000,3%/3mm/10%,10,2.0,1,pymedphys,cpu,,tensor,97.40439865266495,0.4189396050060168,0.41937399465435493,3
ae66f60e-ad24-4a8c-b34d-ab554da98962,148.0334234237671,144000,3%/3mm/10%,10,2.0,1,pymedphys,cpu,,tensor,92.5700365408039,1.9225537129677832,1.929759932293867,3
bb89c4a7-8088-46df-bc8f-e5e97bdb002b,153.72092843055725,144000,3%/3mm/10%,10,2.0,1,pymedphys,cpu,,tensor,86.53721682847898,2.3318113120039925,2.3490839053022987,3
bca0a1d8-902b-43e3-9330-00667f14172f,118.96189868450165,144000,3%/3mm/10%,10,2.0,1,pymedphys,cpu,,tensor,99.81768459434822,0.09466025605797768,0.09506503636172663,3
bce1cef6-54fc-43b5-9380-4dfecc596a02,145.6991982460022,144000,3%/3mm/10%,10,2.0,1,pymedphys,cpu,,tensor,99.43555973659454,0.15094904496800154,0.15554541865518937,3
bd667134-6718-48ea-ad29-8f00b2463949,116.248260140419,144000,3%/3mm/10%,10,2.0,1,pymedphys,cpu,,tensor,98.25673534072901,0.14864185405895114,0.15036944400829574,3
c2c6b732-5882-4091-a6df-6ffffc7ea5a5,93.33474904298782,144000,3%/3mm/10%,10,2.0,1,pymedphys,cpu,,tensor,97.61809287031838,0.5388396829366684,0.5396727566452076,3
e040513b-d5bd-4c76-8b52-151dc0e23362,113.97911131381989,144000,3%/3mm/10%,10,2.0,1,pymedphys,cpu,,tensor,97.93264960025842,0.48734717490151525,0.49521781962054473,3
e880a943-c2d7-456b-8701-0f5b0cec81e5,120.99025964736938,144000,3%/3mm/10%,10,2.0,1,pymedphys,cpu,,tensor,95.54798686291205,0.5485176410293207,0.5512516713157917,3
f56ab9b1-d9a1-4f5f-9a63-a39f37a25eea,92.88086861371994,144000,3%/3mm/10%,10,2.0,1,pymedphys,cpu,,tensor,98.61910241657077,0.1405260330066085,0.1415075802942738,3
f5a98603-643e-4eb5-b1b2-82506d507d92,127.92829990386963,144000,3%/3mm/10%,10,2.0,1,pymedphys,cpu,,tensor,98.50684363334716,0.1618633730104193,0.1628065340143318,3
f66617bb-c240-4004-b316-ed986e759e9d,99.09188866615295,144000,3%/3mm/10%,10,2.0,1,pymedphys,cpu,,tensor,99.94686503719447,0.07855010102503002,0.08005135230875264,3
f6bab911-32d5-4edc-974e-b9c25e415588,91.70978635549545,144000,3%/3mm/10%,10,2.0,1,pymedphys,cpu,,tensor,99.83579638752053,0.09530173509847373,0.09571377102596064,3
ffe59e68-ac3e-47f4-a592-8ed831d25460,98.0342847108841,144000,3%/3mm/10%,10,2.0,1,pymedphys,cpu,,tensor,97.14880874886083,0.3654427509754896,0.37212939898017794,3
080281e0-850c-4030-a1eb-da148c77a9cf,156.6183578968048,144000,3%/3mm/10%,10,2.0,3,torch,cuda:1,float64,array,99.99116217410517,0.04421258205547929,0.045816730319832764,3
13b54e4f-f8f8-4b93-84c5-61ac5a170582,177.97147750854492,144000,3%/3mm/10%,10,2.0,3,torch,cuda:1,float64,array,99.51695583596214,0.07483678101561964,0.07500886435930927,3
15e69e83-9763-4e3d-b98f-0112f9d8a0ff,135.43013453483582,144000,3%/3mm/10%,10,2.0,3,torch,cuda:1,float64,array,97.82427649385801,0.07481400202959776,0.07572470267768949,3
2863720e-f0d2-4679-a463-e8942091b113,161.7336881160736,144000,3%/3mm/10%,10,2.0,3,torch,cuda:1,float64,array,99.67814036656236,0.07605324999894947,0.07678205034850787,3
2a0b77ce-1f12-4a2b-8712-ddb79a9e5746,142.26308584213257,144000,3%/3mm/10%,10,2.0,3,torch,cuda:1,float64,array,98.89540904383846,0.07426126406062394,0.07453148035953443,3
31b5555a-ff42-4060-8504-97805fe9dbca,120.86735486984253,144000,3%/3mm/10%,10,2.0,3,torch,cuda:1,float64,array,99.92252866439418,0.055432172026485205,0.056249814379649855,3
38cf13ac-fc55-4e7a-82a9-76d9e278380e,137.6460564136505,144000,3%/3mm/10%,10,2.0,3,torch,cuda:1,float64,array,99.88264163021444,0.06647732190322131,0.06752709264401346,3
3de01567-4d63-4d60-be0f-717162ef3a2e,160.04783034324646,144000,3%/3mm/10%,10,2.0,3,torch,cuda:1,float64,array,99.48545861297539,0.07453762704972178,0.07496637532797952,3
4ee9e379-9cfe-42bd-9e27-7bb3325fdaf5,166.2262988090515,144000,3%/3mm/10%,10,2.0,3,torch,cuda:1,float64,array,99.94891878086158,0.047544521978124976,0.048877331001373626,3
510113c3-76bd-4bc9-9089-71e2c1bb2036,79.81263816356659,144000,3%/3mm/10%,10,2.0,3,torch,cuda:1,float64,array,99.85842378480415,0.07371647306717932,0.074356942010733,3
6893e011-a87f-45fe-ae10-516bc74a5257,146.84538960456848,144000,3%/3mm/10%,10,2.0,3,torch,cuda:1,float64,array,99.75493950068923,0.07598709303420037,0.07610169604110222,3
695cf12e-95f8-4d8a-afdd-02ea04ada6e2,142.38298654556274,144000,3%/3mm/10%,10,2.0,3,torch,cuda:1,float64,array,96.71256865398392,0.07963384792674333,0.08079461400241901,3
72fd486f-084e-4000-8d19-355604cf687f,158.20101022720337,144000,3%/3mm/10%,10,2.0,3,torch,cuda:1,float64,array,99.3844931996426,0.07437199610285461,0.0753382386950155,3
74af10f2-83d9-4fbd-b848-5ac41694f3fd,173.58777046203613,144000,3%/3mm/10%,10,2.0,3,torch,cuda:1,float64,array,99.60831575775836,0.07473970192950219,0.07597105969519664,3
7a78633c-2ba5-4fee-b606-628fa3f3fa30,80.71996614336967,144000,3%/3mm/10%,10,2.0,3,torch,cuda:1,float64,array,99.90583804143127,0.0736722950823605,0.0755658526904881,3
836e6824-cf0d-4dff-8cbc-a17f7f47ae2a,99.21854853630066,144000,3%/3mm/10%,10,2.0,3,torch,cuda:1,float64,array,99.957255823894,0.06989424303174019,0.07141271866081904,3
883a1941-a022-4bd0-aa7e-bc053cb60856,153.4105908870697,144000,3%/3mm/10%,10,2.0,3,torch,cuda:1,float64,array,99.47189297030864,0.06976444402243942,0.07122062030248344,3
9247005d-f858-45db-874d-bdb91ec05f6e,116.248260140419,144000,3%/3mm/10%,10,2.0,3,torch,cuda:1,float64,array,97.66975695314457,0.07416994799859822,0.0756912426635002,3
acad417b-c3e8-464b-9cf2-f9d9b831095b,144.26342368125916,144000,3%/3mm/10%,10,2.0,3,torch,cuda:1,float64,array,97.40439865266495,0.07461662800051272,0.0753329136253645,3
ae66f60e-ad24-4a8c-b34d-ab554da98962,148.0334234237671,144000,3%/3mm/10%,10,2.0,3,torch,cuda:1,float64,array,92.5700365408039,0.13771509600337595,0.13843198434915394,3
bb89c4a7-8088-46df-bc8f-e5e97bdb002b,153.72092843055725,144000,3%/3mm/10%,10,2.0,3,torch,cuda:1,float64,array,86.53721682847898,0.15189377102069557,0.15276359665828446,3
bca0a1d8-902b-43e3-9330-00667f14172f,118.96189868450165,144000,3%/3mm/10%,10,2.0,3,torch,cuda:1,float64,array,99.81768459434822,0.06646519410423934,0.06708089436870068,3
bce1cef6-54fc-43b5-9380-4dfecc596a02,145.6991982460022,144000,3%/3mm/10%,10,2.0,3,torch,cuda:1,float64,array,99.43555973659454,0.07423710892908275,0.07481869263574481,3
bd667134-6718-48ea-ad29-8f00b2463949,116.248260140419,144000,3%/3mm/10%,10,2.0,3,torch,cuda:1,float64,array,98.25673534072901,0.073881990974769,0.07453793434736629,3
c2c6b732-5882-4091-a6df-6ffffc7ea5a5,93.33474904298782,144000,3%/3mm/10%,10,2.0,3,torch,cuda:1,float64,array,97.61809287031838,0.07620684604626149,0.07729150971863419,3
e040513b-d5bd-4c76-8b52-151dc0e23362,113.97911131381989,144000,3%/3mm/10%,10,2.0,3,torch,cuda:1,float64,array,97.93264960025842,0.07669269002508372,0.07740734533096354,3
e880a943-c2d7-456b-8701-0f5b0cec81e5,120.99025964736938,144000,3%/3mm/10%,10,2.0,3,torch,cuda:1,float64,array,95.54798686291205,0.077847084030509,0.0782611733302474,3
f56ab9b1-d9a1-4f5f-9a63-a39f37a25eea,92.88086861371994,144000,3%/3mm/10%,10,2.0,3,torch,cuda:1,float64,array,98.61910241657077,0.07345824094954878,0.07378499233163893,3
f5a98603-643e-4eb5-b1b2-82506d507d92,127.92829990386963,144000,3%/3mm/10%,10,2.0,3,torch,cuda:1,float64,array,98.50684363334716,0.07413508195895702,0.07550354565804203,3
f66617bb-c240-4004-b316-ed986e759e9d,99.09188866615295,144000,3%/3mm/10%,10,2.0,3,torch,cuda:1,float64,array,99.94686503719447,0.05804377794265747,0.05855892462811122,3
f6bab911-32d5-4edc-974e-b9c25e415588,91.70978635549545,144000,3%/3mm/10%,10,2.0,3,torch,cuda:1,float64,array,99.83579638752053,0.07334168499801308,0.0744993770107006,3
ffe59e68-ac3e-47f4-a592-8ed831d25460,98.0342847108841,144000,3%/3mm/10%,10,2.0,3,torch,cuda:1,float64,array,97.14880874886083,0.07552940503228456,0.07574662601109594,3
080281e0-850c-4030-a1eb-da148c77a9cf,156.6183578968048,144000,3%/3mm/10%,10,2.0,3,torch,cuda:1,float64,tensor,99.99116217410517,0.04265082394704223,0.04294989498642584,3
13b54e4f-f8f8-4b93-84c5-61ac5a170582,177.97147750854492,144000,3%/3mm/10%,10,2.0,3,torch,cuda:1,float64,tensor,99.51695583596214,0.07335948897525668,0.07449942963042606,3
15e69e83-9763-4e3d-b98f-0112f9d8a0ff,135.43013453483582,144000,3%/3mm/10%,10,2.0,3,torch,cuda:1,float64,tensor,97.82427649385801,0.07402557192835957,0.07409358067282786,3
2863720e-f0d2-4679-a463-e8942091b113,161.7336881160736,144000,3%/3mm/10%,10,2.0,3,torch,cuda:1,float64,tensor,99.67814036656236,0.07314777607098222,0.07353504735510796,3
2a0b77ce-1f12-4a2b-8712-ddb79a9e5746,142.26308584213257,144000,3%/3mm/10%,10,2.0,3,torch,cuda:1,float64,tensor,98.89540904383846,0.0731559400446713,0.074526849668473,3
31b5555a-ff42-4060-8504-97805fe9dbca,120.86735486984253,144000,3%/3mm/10%,10,2.0,3,torch,cuda:1,float64,tensor,99.92252866439418,0.053699582000263035,0.05408140900544822,3
38cf13ac-fc55-4e7a-82a9-76d9e278380e,137.6460564136505,144000,3%/3mm/10%,10,2.0,3,torch,cuda:1,float64,tensor,99.88264163021444,0.06496284704189748,0.06562503500996779,3
3de01567-4d63-4d60-be0f-717162ef3a2e,160.04783034324646,144000,3%/3mm/10%,10,2.0,3,torch,cuda:1,float64,tensor,99.48545861297539,0.07394959009252489,0.07466176070738584,3
4ee9e379-9cfe-42bd-9e27-7bb3325fdaf5,166.2262988090515,144000,3%/3mm/10%,10,2.0,3,torch,cuda:1,float64,tensor,99.94891878086158,0.0462289759889245,0.04632614964308838,3
510113c3-76bd-4bc9-9089-71e2c1bb2036,79.81263816356659,144000,3%/3mm/10%,10,2.0,3,torch,cuda:1,float64,tensor,99.85842378480415,0.07325239991769195,0.07386940395614754,3
6893e011-a87f-45fe-ae10-516bc74a5257,146.84538960456848,144000,3%/3mm/10%,10,2.0,3,torch,cuda:1,float64,tensor,99.75493950068923,0.07284103601705283,0.07323504134546965,3
695cf12e-95f8-4d8a-afdd-02ea04ada6e2,142.38298654556274,144000,3%/3mm/10%,10,2.0,3,torch,cuda:1,float64,tensor,96.71256865398392,0.07845124194864184,0.07900376167769234,3
72fd486f-084e-4000-8d19-355604cf687f,158.20101022720337,144000,3%/3mm/10%,10,2.0,3,torch,cuda:1,float64,tensor,99.3844931996426,0.07428387901745737,0.07462362401808302,3
74af10f2-83d9-4fbd-b848-5ac41694f3fd,173.58777046203613,144000,3%/3mm/10%,10,2.0,3,torch,cuda:1,float64,tensor,99.60831575775836,0.07280919002369046,0.07392302733690788,3
7a78633c-2ba5-4fee-b606-628fa3f3fa30,80.71996614336967,144000,3%/3mm/10%,10,2.0,3,torch,cuda:1,float64,tensor,99.90583804143127,0.07246308703906834,0.0726141476770863,3
836e6824-cf0d-4dff-8cbc-a17f7f47ae2a,99.21854853630066,144000,3%/3mm/10%,10,2.0,3,torch,cuda:1,float64,tensor,99.957255823894,0.06939717300701886,0.06991486100014299,3
883a1941-a022-4bd0-aa7e-bc053cb60856,153.4105908870697,144000,3%/3mm/10%,10,2.0,3,torch,cuda:1,float64,tensor,99.47189297030864,0.06972461298573762,0.0704768846432368,3
9247005d-f858-45db-874d-bdb91ec05f6e,116.248260140419,144000,3%/3mm/10%,10,2.0,3,torch,cuda:1,float64,tensor,97.66975695314457,0.07287082599941641,0.07319949769104521,3
acad417b-c3e8-464b-9cf2-f9d9b831095b,144.26342368125916,144000,3%/3mm/10%,10,2.0,3,torch,cuda:1,float64,tensor,97.40439865266495,0.07506065000779927,0.0754679919530948,3
ae66f60e-ad24-4a8c-b34d-ab554da98962,148.0334234237671,144000,3%/3mm/10%,10,2.0,3,torch,cuda:1,float64,tensor,92.5700365408039,0.13735182106029242,0.1378932927036658,3
bb89c4a7-8088-46df-bc8f-e5e97bdb002b,153.72092843055725,144000,3%/3mm/10%,10,2.0,3,torch,cuda:1,float64,tensor,86.53721682847898,0.15203427395317703,0.15239630930591375,3
bca0a1d8-902b-43e3-9330-00667f14172f,118.96189868450165,144000,3%/3mm/10%,10,2.0,3,torch,cuda:1,float64,tensor,99.81768459434822,0.06607560103293508,0.06659186736214906,3
bce1cef6-54fc-43b5-9380-4dfecc596a02,145.6991982460022,144000,3%/3mm/10%,10,2.0,3,torch,cuda:1,float64,tensor,99.43555973659454,0.07466682698577642,0.07512405266364415,3
bd667134-6718-48ea-ad29-8f00b2463949,116.248260140419,144000,3%/3mm/10%,10,2.0,3,torch,cuda:1,float64,tensor,98.25673534072901,0.07338582503143698,0.07369996599542598,3
c2c6b732-5882-4091-a6df-6ffffc7ea5a5,93.33474904298782,144000,3%/3mm/10%,10,2.0,3,torch,cuda:1,float64,tensor,97.61809287031838,0.07497856300324202,0.07533794431947172,3
e040513b-d5bd-4c76-8b52-151dc0e23362,113.97911131381989,144000,3%/3mm/10%,10,2.0,3,torch,cuda:1,float64,tensor,97.93264960025842,0.0761341149918735,0.07685536631227781,3
e880a943-c2d7-456b-8701-0f5b0cec81e5,120.99025964736938,144000,3%/3mm/10%,10,2.0,3,torch,cuda:1,float64,tensor,95.54798686291205,0.0757320640841499,0.07731584870877366,3
f56ab9b1-d9a1-4f5f-9a63-a39f37a25eea,92.88086861371994,144000,3%/3mm/10%,10,2.0,3,torch,cuda:1,float64,tensor,98.61910241657077,0.07426468597259372,0.07483317598234862,3
f5a98603-643e-4eb5-b1b2-82506d507d92,127.92829990386963,144000,3%/3mm/10%,10,2.0,3,torch,cuda:1,float64,tensor,98.50684363334716,0.07431315409485251,0.07527001535830398,3
f66617bb-c240-4004-b316-ed986e759e9d,99.09188866615295,144000,3%/3mm/10%,10,2.0,3,torch,cuda:1,float64,tensor,99.94686503719447,0.057246926007792354,0.05756918468978256,3
f6bab911-32d5-4edc-974e-b9c25e415588,91.70978635549545,144000,3%/3mm/10%,10,2.0,3,torch,cuda:1,float64,tensor,99.83579638752053,0.07411824306473136,0.07535803935024887,3
ffe59e68-ac3e-47f4-a592-8ed831d25460,98.0342847108841,144000,3%/3mm/10%,10,2.0,3,torch,cuda:1,float64,tensor,97.14880874886083,0.0756774639012292,0.0831472259790947,3
080281e0-850c-4030-a1eb-da148c77a9cf,156.6183578968048,144000,3%/3mm/10%,10,2.0,4,torch,cuda:1,float32,array,99.99116217410517,0.04691858007572591,0.04911446536425501,3
13b54e4f-f8f8-4b93-84c5-61ac5a170582,177.97147750854492,144000,3%/3mm/10%,10,2.0,4,torch,cuda:1,float32,array,99.51695583596214,0.07841810793615878,0.08044005433718364,3
15e69e83-9763-4e3d-b98f-0112f9d8a0ff,135.43013453483582,144000,3%/3mm/10%,10,2.0,4,torch,cuda:1,float32,array,97.82427649385801,0.0782694739755243,0.0796760000133266,3
2863720e-f0d2-4679-a463-e8942091b113,161.7336881160736,144000,3%/3mm/10%,10,2.0,4,torch,cuda:1,float32,array,99.67814036656236,0.0789125069277361,0.07996344100683928,3
2a0b77ce-1f12-4a2b-8712-ddb79a9e5746,142.26308584213257,144000,3%/3mm/10%,10,2.0,4,torch,cuda:1,float32,array,98.89540904383846,0.07879392302129418,0.0794130356516689,3
31b5555a-ff42-4060-8504-97805fe9dbca,120.86735486984253,144000,3%/3mm/10%,10,2.0,4,torch,cuda:1,float32,array,99.92252866439418,0.05772294197231531,0.05793308167873571,3
38cf13ac-fc55-4e7a-82a9-76d9e278380e,137.6460564136505,144000,3%/3mm/10%,10,2.0,4,torch,cuda:1,float32,array,99.88264163021444,0.06999017496127635,0.0702765629782031,3
3de01567-4d63-4d60-be0f-717162ef3a2e,160.04783034324646,144000,3%/3mm/10%,10,2.0,4,torch,cuda:1,float32,array,99.48545861297539,0.07858201302587986,0.07903951833335061,3
4ee9e379-9cfe-42bd-9e27-7bb3325fdaf5,166.2262988090515,144000,3%/3mm/10%,10,2.0,4,torch,cuda:1,float32,array,99.94891878086158,0.050164763000793755,0.05035583003579328,3
510113c3-76bd-4bc9-9089-71e2c1bb2036,79.81263816356659,144000,3%/3mm/10%,10,2.0,4,torch,cuda:1,float32,array,99.85842378480415,0.0778074199333787,0.07838253766143073,3
6893e011-a87f-45fe-ae10-516bc74a5257,146.84538960456848,144000,3%/3mm/10%,10,2.0,4,torch,cuda:1,float32,array,99.75493950068923,0.07926358305849135,0.07970642267415921,3
695cf12e-95f8-4d8a-afdd-02ea04ada6e2,142.38298654556274,144000,3%/3mm/10%,10,2.0,4,torch,cuda:1,float32,array,96.71256865398392,0.07984117104206234,0.08053701068274677,3
72fd486f-084e-4000-8d19-355604cf687f,158.20101022720337,144000,3%/3mm/10%,10,2.0,4,torch,cuda:1,float32,array,99.3844931996426,0.07910668500699103,0.07926787967638423,3
74af10f2-83d9-4fbd-b848-5ac41694f3fd,173.58777046203613,144000,3%/3mm/10%,10,2.0,4,torch,cuda:1,float32,array,99.60831575775836,0.07881200592964888,0.07962238897259037,3
7a78633c-2ba5-4fee-b606-628fa3f3fa30,80.71996614336967,144000,3%/3mm/10%,10,2.0,4,torch,cuda:1,float32,array,99.90583804143127,0.07857467397116125,0.07905444301043947,3
836e6824-cf0d-4dff-8cbc-a17f7f47ae2a,99.21854853630066,144000,3%/3mm/10%,10,2.0,4,torch,cuda:1,float32,array,99.957255823894,0.07377724698744714,0.0742961266466106,3
883a1941-a022-4bd0-aa7e-bc053cb60856,153.4105908870697,144000,3%/3mm/10%,10,2.0,4,torch,cuda:1,float32,array,99.47189297030864,0.07418221596162766,0.07508188563709457,3
9247005d-f858-45db-874d-bdb91ec05f6e,116.248260140419,144000,3%/3mm/10%,10,2.0,4,torch,cuda:1,float32,array,97.69481332999248,0.07789277203846723,0.07884834567084908,3
acad417b-c3e8-464b-9cf2-f9d9b831095b,144.26342368125916,144000,3%/3mm/10%,10,2.0,4,torch,cuda:1,float32,array,97.40439865266495,0.0789919060189277,0.07942580237674217,3
ae66f60e-ad24-4a8c-b34d-ab554da98962,148.0334234237671,144000,3%/3mm/10%,10,2.0,4,torch,cuda:1,float32,array,92.5700365408039,0.11300251795910299,0.11347301863133907,3
bb89c4a7-8088-46df-bc8f-e5e97bdb002b,153.72092843055725,144000,3%/3mm/10%,10,2.0,4,torch,cuda:1,float32,array,86.53721682847898,0.12487204500939697,0.12525764705302814,3
bca0a1d8-902b-43e3-9330-00667f14172f,118.96189868450165,144000,3%/3mm/10%,10,2.0,4,torch,cuda:1,float32,array,99.81768459434822,0.07121800305321813,0.07170785796673347,3
bce1cef6-54fc-43b5-9380-4dfecc596a02,145.6991982460022,144000,3%/3mm/10%,10,2.0,4,torch,cuda:1,float32,array,99.43555973659454,0.08130510000046343,0.08179478832365324,3
bd667134-6718-48ea-ad29-8f00b2463949,116.248260140419,144000,3%/3mm/10%,10,2.0,4,torch,cuda:1,float32,array,98.25673534072901,0.08036075800191611,0.08100125197476397,3
c2c6b732-5882-4091-a6df-6ffffc7ea5a5,93.33474904298782,144000,3%/3mm/10%,10,2.0,4,torch,cuda:1,float32,array,97.61809287031838,0.08106109593063593,0.08127796595605712,3
e040513b-d5bd-4c76-8b52-151dc0e23362,113.97911131381989,144000,3%/3mm/10%,10,2.0,4,torch,cuda:1,float32,array,97.93264960025842,0.08042847597971559,0.08140328899025917,3
e880a943-c2d7-456b-8701-0f5b0cec81e5,120.99025964736938,144000,3%/3mm/10%,10,2.0,4,torch,cuda:1,float32,array,95.54798686291205,0.08112933894153684,0.08224654733203351,3
f56ab9b1-d9a1-4f5f-9a63-a39f37a25eea,92.88086861371994,144000,3%/3mm/10%,10,2.0,4,torch,cuda:1,float32,array,98.61910241657077,0.07971680699847639,0.08094839969029029,3
f5a98603-643e-4eb5-b1b2-82506d507d92,127.92829990386963,144000,3%/3mm/10%,10,2.0,4,torch,cuda:1,float32,array,98.50684363334716,0.08058950304985046,0.08118862600531429,3
f66617bb-c240-4004-b316-ed986e759e9d,99.09188866615295,144000,3%/3mm/10%,10,2.0,4,torch,cuda:1,float32,array,99.94686503719447,0.06337029999122024,0.0636624243343249,3
f6bab911-32d5-4edc-974e-b9c25e415588,91.70978635549545,144000,3%/3mm/10%,10,2.0,4,torch,cuda:1,float32,array,99.83579638752053,0.07994616602081805,0.08066337027897437,3
ffe59e68-ac3e-47f4-a592-8ed831d25460,98.0342847108841,144000,3%/3mm/10%,10,2.0,4,torch,cuda:1,float32,array,97.16182788699388,0.08109534799586982,0.08133652499721696,3
080281e0-850c-4030-a1eb-da148c77a9cf,156.6183578968048,144000,3%/3mm/10%,10,2.0,4,torch,cuda:1,float32,tensor,99.99116217410517,0.046778047108091414,0.047184142361705504,3
13b54e4f-f8f8-4b93-84c5-61ac5a170582,177.97147750854492,144000,3%/3mm/10%,10,2.0,4,torch,cuda:1,float32,tensor,99.51695583596214,0.07955622998997569,0.08009497099556029,3
15e69e83-9763-4e3d-b98f-0112f9d8a0ff,135.43013453483582,144000,3%/3mm/10%,10,2.0,4,torch,cuda:1,float32,tensor,97.82427649385801,0.07952716702129692,0.08024433464743197,3
2863720e-f0d2-4679-a463-e8942091b113,161.7336881160736,144000,3%/3mm/10%,10,2.0,4,torch,cuda:1,float32,tensor,99.67814036656236,0.07916219101753086,0.08018209036284436,3
2a0b77ce-1f12-4a2b-8712-ddb79a9e5746,142.26308584213257,144000,3%/3mm/10%,10,2.0,4,torch,cuda:1,float32,tensor,98.89540904383846,0.08067110797856003,0.08100518537685275,3
31b5555a-ff42-4060-8504-97805fe9dbca,120.86735486984253,144000,3%/3mm/10%,10,2.0,4,torch,cuda:1,float32,tensor,99.92252866439418,0.05816400097683072,0.05856036736319462,3
38cf13ac-fc55-4e7a-82a9-76d9e278380e,137.6460564136505,144000,3%/3mm/10%,10,2.0,4,torch,cuda:1,float32,tensor,99.88264163021444,0.0707100909203291,0.0712545703087623,3
3de01567-4d63-4d60-be0f-717162ef3a2e,160.04783034324646,144000,3%/3mm/10%,10,2.0,4,torch,cuda:1,float32,tensor,99.48545861297539,0.07989256293512881,0.08012919997175534,3
4ee9e379-9cfe-42bd-9e27-7bb3325fdaf5,166.2262988090515,144000,3%/3mm/10%,10,2.0,4,torch,cuda:1,float32,tensor,99.94891878086158,0.05024316906929016,0.05044869966028879,3
510113c3-76bd-4bc9-9089-71e2c1bb2036,79.81263816356659,144000,3%/3mm/10%,10,2.0,4,torch,cuda:1,float32,tensor,99.85842378480415,0.078849429031834,0.0792794603233536,3
6893e011-a87f-45fe-ae10-516bc74a5257,146.84538960456848,144000,3%/3mm/10%,10,2.0,4,torch,cuda:1,float32,tensor,99.75493950068923,0.07930240698624402,0.07998980364451806,3
695cf12e-95f8-4d8a-afdd-02ea04ada6e2,142.38298654556274,144000,3%/3mm/10%,10,2.0,4,torch,cuda:1,float32,tensor,96.71256865398392,0.07996058603748679,0.08139368666646381,3
72fd486f-084e-4000-8d19-355604cf687f,158.20101022720337,144000,3%/3mm/10%,10,2.0,4,torch,cuda:1,float32,tensor,99.3844931996426,0.07951614097692072,0.08001752364604424,3
74af10f2-83d9-4fbd-b848-5ac41694f3fd,173.58777046203613,144000,3%/3mm/10%,10,2.0,4,torch,cuda:1,float32,tensor,99.60831575775836,0.07932597189210355,0.07959698427778979,3
7a78633c-2ba5-4fee-b606-628fa3f3fa30,80.71996614336967,144000,3%/3mm/10%,10,2.0,4,torch,cuda:1,float32,tensor,99.90583804143127,0.07907959399744868,0.0802015063430493,3
836e6824-cf0d-4dff-8cbc-a17f7f47ae2a,99.21854853630066,144000,3%/3mm/10%,10,2.0,4,torch,cuda:1,float32,tensor,99.957255823894,0.07406855304725468,0.07562731699241947,3
883a1941-a022-4bd0-aa7e-bc053cb60856,153.4105908870697,144000,3%/3mm/10%,10,2.0,4,torch,cuda:1,float32,tensor,99.47189297030864,0.0747792610200122,0.07511576199127983,3
9247005d-f858-45db-874d-bdb91ec05f6e,116.248260140419,144000,3%/3mm/10%,10,2.0,4,torch,cuda:1,float32,tensor,97.69481332999248,0.07903168594930321,0.07988713363495965,3
acad417b-c3e8-464b-9cf2-f9d9b831095b,144.26342368125916,144000,3%/3mm/10%,10,2.0,4,torch,cuda:1,float32,tensor,97.40439865266495,0.07900892698671669,0.08021011230691026,3
ae66f60e-ad24-4a8c-b34d-ab554da98962,148.0334234237671,144000,3%/3mm/10%,10,2.0,4,torch,cuda:1,float32,tensor,92.5700365408039,0.11085473001003265,0.11139624267040442,3
bb89c4a7-8088-46df-bc8f-e5e97bdb002b,153.72092843055725,144000,3%/3mm/10%,10,2.0,4,torch,cuda:1,float32,tensor,86.53721682847898,0.12196070398204029,0.12216739597109456,3
bca0a1d8-902b-43e3-9330-00667f14172f,118.96189868450165,144000,3%/3mm/10%,10,2.0,4,torch,cuda:1,float32,tensor,99.81768459434822,0.06903875595889986,0.06972139534385254,3
bce1cef6-54fc-43b5-9380-4dfecc596a02,145.6991982460022,144000,3%/3mm/10%,10,2.0,4,torch,cuda:1,float32,tensor,99.43555973659454,0.07781791093293577,0.07832709498082598,3
bd667134-6718-48ea-ad29-8f00b2463949,116.248260140419,144000,3%/3mm/10%,10,2.0,4,torch,cuda:1,float32,tensor,98.25673534072901,0.07719221897423267,0.07866209466010332,3
c2c6b732-5882-4091-a6df-6ffffc7ea5a5,93.33474904298782,144000,3%/3mm/10%,10,2.0,4,torch,cuda:1,float32,tensor,97.61809287031838,0.07762238604482263,0.07908062462229282,3
e040513b-d5bd-4c76-8b52-151dc0e23362,113.97911131381989,144000,3%/3mm/10%,10,2.0,4,torch,cuda:1,float32,tensor,97.93264960025842,0.0771810810547322,0.07742051236952345,3
e880a943-c2d7-456b-8701-0f5b0cec81e5,120.99025964736938,144000,3%/3mm/10%,10,2.0,4,torch,cuda:1,float32,tensor,95.54798686291205,0.07785495196003467,0.07877450300535808,3
f56ab9b1-d9a1-4f5f-9a63-a39f37a25eea,92.88086861371994,144000,3%/3mm/10%,10,2.0,4,torch,cuda:1,float32,tensor,98.61910241657077,0.07753187895286828,0.07827111764345318,3
f5a98603-643e-4eb5-b1b2-82506d507d92,127.92829990386963,144000,3%/3mm/10%,10,2.0,4,torch,cuda:1,float32,tensor,98.50684363334716,0.0769860859727487,0.0781027206685394,3
f66617bb-c240-4004-b316-ed986e759e9d,99.09188866615295,144000,3%/3mm/10%,10,2.0,4,torch,cuda:1,float32,tensor,99.94686503719447,0.059778457041829824,0.06101013836450875,3
f6bab911-32d5-4edc-974e-b9c25e415588,91.70978635549545,144000,3%/3mm/10%,10,2.0,4,torch,cuda:1,float32,tensor,99.83579638752053,0.0775548960082233,0.07860172633081675,3
ffe59e68-ac3e-47f4-a592-8ed831d25460,98.0342847108841,144000,3%/3mm/10%,10,2.0,4,torch,cuda:1,float32,tensor,97.16182788699388,0.07740904006641358,0.07820269038590293,3
080281e0-850c-4030-a1eb-da148c77a9cf,156.6183578968048,144000,1%/1mm/10%,10,2.0,2,torch,cpu,float64,array,99.50508174988953,0.3000030699186027,0.3000030699186027,1
13b54e4f-f8f8-4b93-84c5-61ac5a170582,177.97147750854492,144000,1%/1mm/10%,10,2.0,2,torch,cpu,float64,array,96.59897476340694,0.6222037670668215,0.6222037670668215,1
15e69e83-9763-4e3d-b98f-0112f9d8a0ff,135.43013453483582,144000,1%/1mm/10%,10,2.0,2,torch,cpu,float64,array,93.2438059546117,1.0735594279831275,1.0735594279831275,1
2863720e-f0d2-4679-a463-e8942091b113,161.7336881160736,144000,1%/1mm/10%,10,2.0,2,torch,cpu,float64,array,97.72016092981673,0.5777850790182129,0.5777850790182129,1
2a0b77ce-1f12-4a2b-8712-ddb79a9e5746,142.26308584213257,144000,1%/1mm/10%,10,2.0,2,torch,cpu,float64,array,92.38292486480267,0.9672052619280294,0.9672052619280294,1
31b5555a-ff42-4060-8504-97805fe9dbca,120.86735486984253,144000,1%/1mm/10%,10,2.0,2,torch,cpu,float64,array,96.7074682367524,0.6491535560926422,0.6491535560926422,1
38cf13ac-fc55-4e7a-82a9-76d9e278380e,137.6460564136505,144000,1%/1mm/10%,10,2.0,2,torch,cpu,float64,array,96.11650485436894,0.6755674140295014,0.6755674140295014,1
3de01567-4d63-4d60-be0f-717162ef3a2e,160.04783034324646,144000,1%/1mm/10%,10,2.0,2,torch,cpu,float64,array,95.7158836689038,0.6004934640368447,0.6004934640368447,1
080281e0-850c-4030-a1eb-da148c77a9cf,156.6183578968048,144000,2%/2mm/10%,10,2.0,2,torch,cpu,float64,array,99.92045956694653,0.1543867680011317,0.1543867680011317,1
13b54e4f-f8f8-4b93-84c5-61ac5a170582,177.97147750854492,144000,2%/2mm/10%,10,2.0,2,torch,cpu,float64,array,99.10291798107255,0.35615130397491157,0.35615130397491157,1
15e69e83-9763-4e3d-b98f-0112f9d8a0ff,135.43013453483582,144000,2%/2mm/10%,10,2.0,2,torch,cpu,float64,array,97.08515511138872,0.6395310120424256,0.6395310120424256,1
2863720e-f0d2-4679-a463-e8942091b113,161.7336881160736,144000,2%/2mm/10%,10,2.0,2,torch,cpu,float64,array,99.07912382655341,0.2968535829568282,0.2968535829568282,1
2a0b77ce-1f12-4a2b-8712-ddb79a9e5746,142.26308584213257,144000,2%/2mm/10%,10,2.0,2,torch,cpu,float64,array,97.33057185594292,0.4526619730750099,0.4526619730750099,1
31b5555a-ff42-4060-8504-97805fe9dbca,120.86735486984253,144000,2%/2mm/10%,10,2.0,2,torch,cpu,float64,array,99.7753331267431,0.22097424406092614,0.22097424406092614,1
38cf13ac-fc55-4e7a-82a9-76d9e278380e,137.6460564136505,144000,2%/2mm/10%,10,2.0,2,torch,cpu,float64,array,99.48789075002668,0.22948761202860624,0.22948761202860624,1
3de01567-4d63-4d60-be0f-717162ef3a2e,160.04783034324646,144000,2%/2mm/10%,10,2.0,2,torch,cpu,float64,array,98.61297539149888,0.3560194029705599,0.3560194029705599,1
080281e0-850c-4030-a1eb-da148c77a9cf,156.6183578968048,144000,3%/3mm/10%,10,2.0,2,torch,cpu,float64,array,99.99116217410517,0.08641439105849713,0.08641439105849713,1
13b54e4f-f8f8-4b93-84c5-61ac5a170582,177.97147750854492,144000,3%/3mm/10%,10,2.0,2,torch,cpu,float64,array,99.51695583596214,0.18228265398647636,0.18228265398647636,1
15e69e83-9763-4e3d-b98f-0112f9d8a0ff,135.43013453483582,144000,3%/3mm/10%,10,2.0,2,torch,cpu,float64,array,97.82427649385801,0.44824314094148576,0.44824314094148576,1
2863720e-f0d2-4679-a463-e8942091b113,161.7336881160736,144000,3%/3mm/10%,10,2.0,2,torch,cpu,float64,array,99.67814036656236,0.1690082789864391,0.1690082789864391,1
2a0b77ce-1f12-4a2b-8712-ddb79a9e5746,142.26308584213257,144000,3%/3mm/10%,10,2.0,2,torch,cpu,float64,array,98.89540904383846,0.3525154939852655,0.3525154939852655,1
31b5555a-ff42-4060-8504-97805fe9dbca,120.86735486984253,144000,3%/3mm/10%,10,2.0,2,torch,cpu,float64,array,99.92252866439418,0.16004444798454642,0.16004444798454642,1
38cf13ac-fc55-4e7a-82a9-76d9e278380e,137.6460564136505,144000,3%/3mm/10%,10,2.0,2,torch,cpu,float64,array,99.88264163021444,0.14390417898539454,0.14390417898539454,1
3de01567-4d63-4d60-be0f-717162ef3a2e,160.04783034324646,144000,3%/3mm/10%,10,2.0,2,torch,cpu,float64,array,99.48545861297539,0.21387775090988725,0.21387775090988725,1
